ProductName,UnitPrice,orders_date,TotalQuantity,Revenue
Konbu,4.8000,01/1997,2,9.6000
Spegesild,9.6000,01/1997,2,19.2000
"Teatime Chocolate Biscuits",7.3000,01/1997,4,29.2000
"Boston Crab Meat",14.7000,01/1997,2,29.4000
Tourtire,5.9000,01/1997,6,35.4000
Geitost,2.0000,01/1997,20,40.0000
"Gumbr Gummibrchen",24.9000,01/1997,2,49.8000
"Alice Mutton",31.2000,01/1997,2,62.4000
"Inlagd Sill",15.2000,01/1997,5,76.0000
"Outback Lager",12.0000,01/1997,8,96.0000
"Sir Rodney's Scones",8.0000,01/1997,12,96.0000
Geitost,2.0000,01/1997,49,98.0000
Geitost,2.0000,01/1997,50,100.0000
"Original Frankfurter grne Soe",10.4000,01/1997,10,104.0000
"Longlife Tofu",8.0000,01/1997,15,120.0000
"Teatime Chocolate Biscuits",7.3000,01/1997,18,131.4000
"Gorgonzola Telino",10.0000,01/1997,14,140.0000
Chai,14.4000,01/1997,10,144.0000
"Teatime Chocolate Biscuits",7.3000,01/1997,20,146.0000
"Gnocchi di nonna Alice",30.4000,01/1997,5,152.0000
"Wimmers gute Semmelkndel",26.6000,01/1997,7,186.2000
"Pt chinois",19.2000,01/1997,10,192.0000
Spegesild,9.6000,01/1997,20,192.0000
"Jack's New England Clam Chowder",7.7000,01/1997,25,192.5000
Lakkalikri,14.4000,01/1997,14,201.6000
"Gravad lax",20.8000,01/1997,10,208.0000
Tofu,18.6000,01/1997,12,223.2000
"Zaanse koeken",7.6000,01/1997,30,228.0000
Tourtire,5.9000,01/1997,40,236.0000
"Rd Kaviar",12.0000,01/1997,20,240.0000
"Sir Rodney's Scones",8.0000,01/1997,30,240.0000
"Gumbr Gummibrchen",24.9000,01/1997,10,249.0000
Flotemysost,17.2000,01/1997,15,258.0000
"Perth Pasties",26.2000,01/1997,10,262.0000
Lakkalikri,14.4000,01/1997,20,288.0000
Pavlova,13.9000,01/1997,21,291.9000
"Scottish Longbreads",10.0000,01/1997,30,300.0000
"Ravioli Angelo",15.6000,01/1997,20,312.0000
"Louisiana Fiery Hot Pepper Sauce",16.8000,01/1997,20,336.0000
Chai,14.4000,01/1997,24,345.6000
"Scottish Longbreads",10.0000,01/1997,36,360.0000
"Original Frankfurter grne Soe",10.4000,01/1997,35,364.0000
"Sirop d'rable",22.8000,01/1997,16,364.8000
Tofu,18.6000,01/1997,20,372.0000
"Nord-Ost Matjeshering",20.7000,01/1997,18,372.6000
"Perth Pasties",26.2000,01/1997,15,393.0000
"Sir Rodney's Scones",8.0000,01/1997,50,400.0000
"Aniseed Syrup",8.0000,01/1997,50,400.0000
"Zaanse koeken",7.6000,01/1997,55,418.0000
Gudbrandsdalsost,28.8000,01/1997,15,432.0000
Tunnbrd,7.2000,01/1997,60,432.0000
"Singaporean Hokkien Fried Mee",11.2000,01/1997,40,448.0000
Maxilaku,16.0000,01/1997,30,480.0000
Maxilaku,16.0000,01/1997,30,480.0000
"Queso Cabrales",16.8000,01/1997,30,504.0000
"Steeleye Stout",14.4000,01/1997,35,504.0000
"Valkoinen suklaa",13.0000,01/1997,40,520.0000
Gudbrandsdalsost,28.8000,01/1997,20,576.0000
"Gula Malacca",15.5000,01/1997,40,620.0000
Tofu,18.6000,01/1997,35,651.0000
Chocolade,10.2000,01/1997,70,714.0000
"Boston Crab Meat",14.7000,01/1997,50,735.0000
"Gumbr Gummibrchen",24.9000,01/1997,30,747.0000
"Gumbr Gummibrchen",24.9000,01/1997,30,747.0000
"Steeleye Stout",14.4000,01/1997,60,864.0000
"Raclette Courdavault",44.0000,01/1997,20,880.0000
"Gnocchi di nonna Alice",30.4000,01/1997,30,912.0000
Chang,15.2000,01/1997,60,912.0000
Flotemysost,17.2000,01/1997,60,1032.0000
"Raclette Courdavault",44.0000,01/1997,25,1100.0000
Vegie-spread,35.1000,01/1997,35,1228.5000
"Tarte au sucre",39.4000,01/1997,35,1379.0000
"Rssle Sauerkraut",36.4000,01/1997,42,1528.8000
"Mishi Kobe Niku",77.6000,01/1997,20,1552.0000
"Tarte au sucre",39.4000,01/1997,40,1576.0000
"Camembert Pierrot",27.2000,01/1997,60,1632.0000
"Thringer Rostbratwurst",99.0000,01/1997,21,2079.0000
"Gnocchi di nonna Alice",30.4000,01/1997,70,2128.0000
Vegie-spread,35.1000,01/1997,65,2281.5000
"Alice Mutton",31.2000,01/1997,95,2964.0000
"Raclette Courdavault",44.0000,01/1997,70,3080.0000
"Cte de Blaye",210.8000,01/1997,49,10329.2000
"Cte de Blaye",210.8000,01/1997,50,10540.0000
Geitost,2.5000,01/1998,4,10.0000
Konbu,6.0000,01/1998,3,18.0000
"Teatime Chocolate Biscuits",9.2000,01/1998,2,18.4000
"Original Frankfurter grne Soe",13.0000,01/1998,2,26.0000
Konbu,6.0000,01/1998,6,36.0000
Geitost,2.5000,01/1998,16,40.0000
Konbu,6.0000,01/1998,7,42.0000
"Filo Mix",7.0000,01/1998,8,56.0000
Konbu,6.0000,01/1998,10,60.0000
"Outback Lager",15.0000,01/1998,4,60.0000
"NuNuCa Nu-Nougat-Creme",14.0000,01/1998,5,70.0000
Chai,18.0000,01/1998,4,72.0000
"Outback Lager",15.0000,01/1998,5,75.0000
"NuNuCa Nu-Nougat-Creme",14.0000,01/1998,6,84.0000
Geitost,2.5000,01/1998,35,87.5000
"Outback Lager",15.0000,01/1998,6,90.0000
"Wimmers gute Semmelkndel",33.2500,01/1998,3,99.7500
Chocolade,12.7500,01/1998,8,102.0000
"Steeleye Stout",18.0000,01/1998,6,108.0000
"Teatime Chocolate Biscuits",9.2000,01/1998,12,110.4000
"Gorgonzola Telino",12.5000,01/1998,9,112.5000
"Jack's New England Clam Chowder",9.6500,01/1998,12,115.8000
"Outback Lager",15.0000,01/1998,9,135.0000
"Teatime Chocolate Biscuits",9.2000,01/1998,15,138.0000
"NuNuCa Nu-Nougat-Creme",14.0000,01/1998,10,140.0000
"NuNuCa Nu-Nougat-Creme",14.0000,01/1998,10,140.0000
"Filo Mix",7.0000,01/1998,20,140.0000
"Steeleye Stout",18.0000,01/1998,8,144.0000
"Tarte au sucre",49.3000,01/1998,3,147.9000
"Tarte au sucre",49.3000,01/1998,3,147.9000
"Uncle Bob's Organic Dried Pears",30.0000,01/1998,5,150.0000
"Grandma's Boysenberry Spread",25.0000,01/1998,6,150.0000
"Rhnbru Klosterbier",7.7500,01/1998,20,155.0000
"Manjimup Dried Apples",53.0000,01/1998,3,159.0000
Tunnbrd,9.0000,01/1998,18,162.0000
"Gorgonzola Telino",12.5000,01/1998,14,175.0000
"Outback Lager",15.0000,01/1998,12,180.0000
"Chartreuse verte",18.0000,01/1998,10,180.0000
"Guaran Fantstica",4.5000,01/1998,40,180.0000
Chang,19.0000,01/1998,10,190.0000
"Jack's New England Clam Chowder",9.6500,01/1998,20,193.0000
"Jack's New England Clam Chowder",9.6500,01/1998,20,193.0000
"Original Frankfurter grne Soe",13.0000,01/1998,15,195.0000
"Original Frankfurter grne Soe",13.0000,01/1998,15,195.0000
"Ravioli Angelo",19.5000,01/1998,10,195.0000
"Gorgonzola Telino",12.5000,01/1998,16,200.0000
"Longlife Tofu",10.0000,01/1998,20,200.0000
"Manjimup Dried Apples",53.0000,01/1998,4,212.0000
Chang,19.0000,01/1998,12,228.0000
"Ipoh Coffee",46.0000,01/1998,5,230.0000
"Alice Mutton",39.0000,01/1998,6,234.0000
"Scottish Longbreads",12.5000,01/1998,20,250.0000
"Original Frankfurter grne Soe",13.0000,01/1998,20,260.0000
Tourtire,7.4500,01/1998,35,260.7500
"NuNuCa Nu-Nougat-Creme",14.0000,01/1998,20,280.0000
"Singaporean Hokkien Fried Mee",14.0000,01/1998,20,280.0000
"Mishi Kobe Niku",97.0000,01/1998,3,291.0000
"Ravioli Angelo",19.5000,01/1998,15,292.5000
"Ravioli Angelo",19.5000,01/1998,15,292.5000
"Perth Pasties",32.8000,01/1998,9,295.2000
"Scottish Longbreads",12.5000,01/1998,24,300.0000
"Aniseed Syrup",10.0000,01/1998,30,300.0000
"Gula Malacca",19.4500,01/1998,16,311.2000
"Queso Cabrales",21.0000,01/1998,15,315.0000
"Louisiana Fiery Hot Pepper Sauce",21.0500,01/1998,15,315.7500
"Manjimup Dried Apples",53.0000,01/1998,6,318.0000
"Ipoh Coffee",46.0000,01/1998,7,322.0000
"Rogede sild",9.5000,01/1998,36,342.0000
"Steeleye Stout",18.0000,01/1998,20,360.0000
Lakkalikri,18.0000,01/1998,20,360.0000
"Gumbr Gummibrchen",31.2300,01/1998,12,374.7600
"Chartreuse verte",18.0000,01/1998,21,378.0000
Lakkalikri,18.0000,01/1998,21,378.0000
Chang,19.0000,01/1998,20,380.0000
"Zaanse koeken",9.5000,01/1998,40,380.0000
Chang,19.0000,01/1998,20,380.0000
Konbu,6.0000,01/1998,65,390.0000
"Escargots de Bourgogne",13.2500,01/1998,30,397.5000
"Sir Rodney's Scones",10.0000,01/1998,40,400.0000
"Sir Rodney's Marmalade",81.0000,01/1998,5,405.0000
"Ipoh Coffee",46.0000,01/1998,9,414.0000
Spegesild,12.0000,01/1998,35,420.0000
"Queso Cabrales",21.0000,01/1998,20,420.0000
"Gorgonzola Telino",12.5000,01/1998,35,437.5000
"Schoggi Schokolade",43.9000,01/1998,10,439.0000
"Steeleye Stout",18.0000,01/1998,25,450.0000
"Outback Lager",15.0000,01/1998,30,450.0000
"Outback Lager",15.0000,01/1998,30,450.0000
"Boston Crab Meat",18.4000,01/1998,25,460.0000
"Chef Anton's Cajun Seasoning",22.0000,01/1998,21,462.0000
Ikura,31.0000,01/1998,15,465.0000
"Ravioli Angelo",19.5000,01/1998,24,468.0000
"Aniseed Syrup",10.0000,01/1998,49,490.0000
Ikura,31.0000,01/1998,16,496.0000
"Chartreuse verte",18.0000,01/1998,28,504.0000
"Nord-Ost Matjeshering",25.8900,01/1998,20,517.8000
"Mozzarella di Giovanni",34.8000,01/1998,15,522.0000
"Queso Cabrales",21.0000,01/1998,25,525.0000
"Cte de Blaye",263.5000,01/1998,2,527.0000
"Boston Crab Meat",18.4000,01/1998,30,552.0000
"Gumbr Gummibrchen",31.2300,01/1998,18,562.1400
"Singaporean Hokkien Fried Mee",14.0000,01/1998,42,588.0000
"Uncle Bob's Organic Dried Pears",30.0000,01/1998,20,600.0000
"Carnarvon Tigers",62.5000,01/1998,10,625.0000
Tunnbrd,9.0000,01/1998,70,630.0000
"Mascarpone Fabioli",32.0000,01/1998,20,640.0000
"Chef Anton's Gumbo Mix",21.3500,01/1998,30,640.5000
"Perth Pasties",32.8000,01/1998,20,656.0000
"Gustaf's Knckebrd",21.0000,01/1998,35,735.0000
"Gnocchi di nonna Alice",38.0000,01/1998,20,760.0000
"Escargots de Bourgogne",13.2500,01/1998,60,795.0000
"Northwoods Cranberry Sauce",40.0000,01/1998,20,800.0000
"Raclette Courdavault",55.0000,01/1998,15,825.0000
"Sirop d'rable",28.5000,01/1998,30,855.0000
Pavlova,17.4500,01/1998,50,872.5000
Lakkalikri,18.0000,01/1998,50,900.0000
"Gnocchi di nonna Alice",38.0000,01/1998,24,912.0000
"Ipoh Coffee",46.0000,01/1998,20,920.0000
"Inlagd Sill",19.0000,01/1998,50,950.0000
"Thringer Rostbratwurst",123.7900,01/1998,8,990.3200
"Wimmers gute Semmelkndel",33.2500,01/1998,30,997.5000
"Wimmers gute Semmelkndel",33.2500,01/1998,30,997.5000
"Gustaf's Knckebrd",21.0000,01/1998,52,1092.0000
"Gumbr Gummibrchen",31.2300,01/1998,35,1093.0500
"Boston Crab Meat",18.4000,01/1998,60,1104.0000
"Gnocchi di nonna Alice",38.0000,01/1998,30,1140.0000
"Gnocchi di nonna Alice",38.0000,01/1998,30,1140.0000
Flotemysost,21.5000,01/1998,55,1182.5000
"Thringer Rostbratwurst",123.7900,01/1998,10,1237.9000
"Gumbr Gummibrchen",31.2300,01/1998,40,1249.2000
"Carnarvon Tigers",62.5000,01/1998,20,1250.0000
"Mozzarella di Giovanni",34.8000,01/1998,40,1392.0000
Chai,18.0000,01/1998,80,1440.0000
"Camembert Pierrot",34.0000,01/1998,45,1530.0000
"Gravad lax",26.0000,01/1998,60,1560.0000
"Carnarvon Tigers",62.5000,01/1998,25,1562.5000
"Wimmers gute Semmelkndel",33.2500,01/1998,48,1596.0000
"Alice Mutton",39.0000,01/1998,42,1638.0000
"Camembert Pierrot",34.0000,01/1998,51,1734.0000
"Camembert Pierrot",34.0000,01/1998,60,2040.0000
"Cte de Blaye",263.5000,01/1998,8,2108.0000
"Raclette Courdavault",55.0000,01/1998,40,2200.0000
"Tarte au sucre",49.3000,01/1998,45,2218.5000
"Raclette Courdavault",55.0000,01/1998,42,2310.0000
"Tarte au sucre",49.3000,01/1998,50,2465.0000
"Raclette Courdavault",55.0000,01/1998,50,2750.0000
Ikura,31.0000,01/1998,100,3100.0000
"Cte de Blaye",263.5000,01/1998,60,15810.0000
"Rhnbru Klosterbier",6.2000,02/1997,4,24.8000
"Gorgonzola Telino",10.0000,02/1997,3,30.0000
Flotemysost,17.2000,02/1997,2,34.4000
Tourtire,5.9000,02/1997,6,35.4000
Geitost,2.0000,02/1997,20,40.0000
Spegesild,9.6000,02/1997,5,48.0000
"Guaran Fantstica",3.6000,02/1997,20,72.0000
"Filo Mix",5.6000,02/1997,15,84.0000
"Chartreuse verte",14.4000,02/1997,6,86.4000
Tourtire,5.9000,02/1997,15,88.5000
Spegesild,9.6000,02/1997,10,96.0000
"Queso Cabrales",16.8000,02/1997,6,100.8000
"Queso Cabrales",16.8000,02/1997,6,100.8000
"Teatime Chocolate Biscuits",7.3000,02/1997,15,109.5000
"Filo Mix",5.6000,02/1997,20,112.0000
"Steeleye Stout",14.4000,02/1997,8,115.2000
"Rhnbru Klosterbier",6.2000,02/1997,24,148.8000
"Gumbr Gummibrchen",24.9000,02/1997,6,149.4000
Chang,15.2000,02/1997,10,152.0000
Chocolade,10.2000,02/1997,15,153.0000
"Wimmers gute Semmelkndel",26.6000,02/1997,6,159.6000
Spegesild,9.6000,02/1997,20,192.0000
"Gustaf's Knckebrd",16.8000,02/1997,12,201.6000
"Scottish Longbreads",10.0000,02/1997,21,210.0000
Pavlova,13.9000,02/1997,16,222.4000
"Sasquatch Ale",11.2000,02/1997,20,224.0000
"Jack's New England Clam Chowder",7.7000,02/1997,30,231.0000
"Ravioli Angelo",15.6000,02/1997,15,234.0000
"Longlife Tofu",8.0000,02/1997,30,240.0000
Lakkalikri,14.4000,02/1997,18,259.2000
"Mozzarella di Giovanni",27.8000,02/1997,10,278.0000
Pavlova,13.9000,02/1997,20,278.0000
"Chartreuse verte",14.4000,02/1997,20,288.0000
"Boston Crab Meat",14.7000,02/1997,20,294.0000
"Outback Lager",12.0000,02/1997,25,300.0000
"Alice Mutton",31.2000,02/1997,10,312.0000
"Sir Rodney's Scones",8.0000,02/1997,40,320.0000
"Sir Rodney's Scones",8.0000,02/1997,40,320.0000
Maxilaku,16.0000,02/1997,21,336.0000
Ikura,24.8000,02/1997,14,347.2000
"Gumbr Gummibrchen",24.9000,02/1997,15,373.5000
"Teatime Chocolate Biscuits",7.3000,02/1997,52,379.6000
"Uncle Bob's Organic Dried Pears",24.0000,02/1997,16,384.0000
"Perth Pasties",26.2000,02/1997,15,393.0000
"Rssle Sauerkraut",36.4000,02/1997,12,436.8000
"Gnocchi di nonna Alice",30.4000,02/1997,15,456.0000
"Queso Manchego La Pastora",30.4000,02/1997,15,456.0000
"Louisiana Fiery Hot Pepper Sauce",16.8000,02/1997,28,470.4000
Tourtire,5.9000,02/1997,80,472.0000
Ikura,24.8000,02/1997,20,496.0000
"Queso Cabrales",16.8000,02/1997,30,504.0000
Flotemysost,17.2000,02/1997,30,516.0000
"Rssle Sauerkraut",36.4000,02/1997,15,546.0000
"Sirop d'rable",22.8000,02/1997,25,570.0000
"Original Frankfurter grne Soe",10.4000,02/1997,55,572.0000
"Nord-Ost Matjeshering",20.7000,02/1997,28,579.6000
"Louisiana Fiery Hot Pepper Sauce",16.8000,02/1997,35,588.0000
Pavlova,13.9000,02/1997,49,681.1000
Chang,15.2000,02/1997,45,684.0000
"Ipoh Coffee",36.8000,02/1997,20,736.0000
"Gumbr Gummibrchen",24.9000,02/1997,30,747.0000
"Wimmers gute Semmelkndel",26.6000,02/1997,30,798.0000
"Louisiana Hot Spiced Okra",13.6000,02/1997,60,816.0000
"Gnocchi di nonna Alice",30.4000,02/1997,28,851.2000
Flotemysost,17.2000,02/1997,50,860.0000
"Wimmers gute Semmelkndel",26.6000,02/1997,35,931.0000
"Rssle Sauerkraut",36.4000,02/1997,30,1092.0000
"Mozzarella di Giovanni",27.8000,02/1997,40,1112.0000
"Pt chinois",19.2000,02/1997,60,1152.0000
"Gnocchi di nonna Alice",30.4000,02/1997,40,1216.0000
"Perth Pasties",26.2000,02/1997,50,1310.0000
"Tarte au sucre",39.4000,02/1997,35,1379.0000
"Gula Malacca",15.5000,02/1997,100,1550.0000
"Raclette Courdavault",44.0000,02/1997,36,1584.0000
"Schoggi Schokolade",35.1000,02/1997,50,1755.0000
"Sirop d'rable",22.8000,02/1997,90,2052.0000
"Pt chinois",19.2000,02/1997,120,2304.0000
"Thringer Rostbratwurst",99.0000,02/1997,24,2376.0000
"Guaran Fantstica",4.5000,02/1998,6,27.0000
Konbu,6.0000,02/1998,5,30.0000
"Outback Lager",15.0000,02/1998,3,45.0000
"Jack's New England Clam Chowder",9.6500,02/1998,5,48.2500
"NuNuCa Nu-Nougat-Creme",14.0000,02/1998,5,70.0000
"Steeleye Stout",18.0000,02/1998,4,72.0000
Tourtire,7.4500,02/1998,10,74.5000
Geitost,2.5000,02/1998,30,75.0000
"Guaran Fantstica",4.5000,02/1998,20,90.0000
"Filo Mix",7.0000,02/1998,14,98.0000
"Perth Pasties",32.8000,02/1998,3,98.4000
Geitost,2.5000,02/1998,40,100.0000
Pavlova,17.4500,02/1998,6,104.7000
"Manjimup Dried Apples",53.0000,02/1998,2,106.0000
"Rhnbru Klosterbier",7.7500,02/1998,14,108.5000
"Teatime Chocolate Biscuits",9.2000,02/1998,12,110.4000
"Jack's New England Clam Chowder",9.6500,02/1998,14,135.1000
"Rssle Sauerkraut",45.6000,02/1998,3,136.8000
"Sasquatch Ale",14.0000,02/1998,10,140.0000
"Sirop d'rable",28.5000,02/1998,5,142.5000
"Rogede sild",9.5000,02/1998,15,142.5000
"Chartreuse verte",18.0000,02/1998,8,144.0000
"Rd Kaviar",15.0000,02/1998,10,150.0000
"Escargots de Bourgogne",13.2500,02/1998,12,159.0000
Konbu,6.0000,02/1998,28,168.0000
Chai,18.0000,02/1998,10,180.0000
Lakkalikri,18.0000,02/1998,10,180.0000
"Mascarpone Fabioli",32.0000,02/1998,6,192.0000
"Escargots de Bourgogne",13.2500,02/1998,15,198.7500
"Escargots de Bourgogne",13.2500,02/1998,15,198.7500
"Zaanse koeken",9.5000,02/1998,21,199.5000
Maxilaku,20.0000,02/1998,10,200.0000
"Sir Rodney's Scones",10.0000,02/1998,20,200.0000
Pavlova,17.4500,02/1998,12,209.4000
"Laughing Lumberjack Lager",14.0000,02/1998,15,210.0000
"Laughing Lumberjack Lager",14.0000,02/1998,15,210.0000
"Queso Cabrales",21.0000,02/1998,10,210.0000
"Louisiana Fiery Hot Pepper Sauce",21.0500,02/1998,10,210.5000
"Boston Crab Meat",18.4000,02/1998,12,220.8000
"Scottish Longbreads",12.5000,02/1998,18,225.0000
"Teatime Chocolate Biscuits",9.2000,02/1998,25,230.0000
Tourtire,7.4500,02/1998,32,238.4000
Konbu,6.0000,02/1998,40,240.0000
"Pt chinois",24.0000,02/1998,10,240.0000
"Scottish Longbreads",12.5000,02/1998,20,250.0000
"Scottish Longbreads",12.5000,02/1998,20,250.0000
Spegesild,12.0000,02/1998,21,252.0000
"Louisiana Fiery Hot Pepper Sauce",21.0500,02/1998,12,252.6000
Pavlova,17.4500,02/1998,15,261.7500
Tunnbrd,9.0000,02/1998,30,270.0000
"Jack's New England Clam Chowder",9.6500,02/1998,30,289.5000
"Tarte au sucre",49.3000,02/1998,6,295.8000
Maxilaku,20.0000,02/1998,15,300.0000
Ikura,31.0000,02/1998,10,310.0000
"Original Frankfurter grne Soe",13.0000,02/1998,25,325.0000
"Singaporean Hokkien Fried Mee",14.0000,02/1998,25,350.0000
Chai,18.0000,02/1998,20,360.0000
Chai,18.0000,02/1998,20,360.0000
"Inlagd Sill",19.0000,02/1998,20,380.0000
Chang,19.0000,02/1998,20,380.0000
Chang,19.0000,02/1998,20,380.0000
"Nord-Ost Matjeshering",25.8900,02/1998,15,388.3500
"Ravioli Angelo",19.5000,02/1998,20,390.0000
"Alice Mutton",39.0000,02/1998,10,390.0000
Chang,19.0000,02/1998,21,399.0000
"Sir Rodney's Scones",10.0000,02/1998,40,400.0000
Maxilaku,20.0000,02/1998,20,400.0000
"Sirop d'rable",28.5000,02/1998,15,427.5000
"Gorgonzola Telino",12.5000,02/1998,35,437.5000
"Louisiana Fiery Hot Pepper Sauce",21.0500,02/1998,21,442.0500
"Louisiana Fiery Hot Pepper Sauce",21.0500,02/1998,21,442.0500
"Outback Lager",15.0000,02/1998,30,450.0000
Tunnbrd,9.0000,02/1998,50,450.0000
"Alice Mutton",39.0000,02/1998,12,468.0000
"Wimmers gute Semmelkndel",33.2500,02/1998,15,498.7500
"Original Frankfurter grne Soe",13.0000,02/1998,40,520.0000
Pavlova,17.4500,02/1998,30,523.5000
Flotemysost,21.5000,02/1998,25,537.5000
"Guaran Fantstica",4.5000,02/1998,120,540.0000
"Alice Mutton",39.0000,02/1998,15,585.0000
"Steeleye Stout",18.0000,02/1998,33,594.0000
"Gnocchi di nonna Alice",38.0000,02/1998,16,608.0000
"Alice Mutton",39.0000,02/1998,16,624.0000
"Gumbr Gummibrchen",31.2300,02/1998,20,624.6000
Flotemysost,21.5000,02/1998,30,645.0000
"Chef Anton's Cajun Seasoning",22.0000,02/1998,30,660.0000
"Wimmers gute Semmelkndel",33.2500,02/1998,20,665.0000
Chai,18.0000,02/1998,40,720.0000
"Pt chinois",24.0000,02/1998,30,720.0000
"Outback Lager",15.0000,02/1998,50,750.0000
"Gnocchi di nonna Alice",38.0000,02/1998,21,798.0000
"Chartreuse verte",18.0000,02/1998,45,810.0000
Maxilaku,20.0000,02/1998,42,840.0000
"Queso Cabrales",21.0000,02/1998,40,840.0000
"Queso Cabrales",21.0000,02/1998,40,840.0000
"Sirop d'rable",28.5000,02/1998,30,855.0000
"Nord-Ost Matjeshering",25.8900,02/1998,35,906.1500
"Rhnbru Klosterbier",7.7500,02/1998,120,930.0000
"Nord-Ost Matjeshering",25.8900,02/1998,36,932.0400
"Uncle Bob's Organic Dried Pears",30.0000,02/1998,32,960.0000
"Tarte au sucre",49.3000,02/1998,20,986.0000
"Nord-Ost Matjeshering",25.8900,02/1998,40,1035.6000
"Northwoods Cranberry Sauce",40.0000,02/1998,30,1200.0000
"Grandma's Boysenberry Spread",25.0000,02/1998,50,1250.0000
"Chartreuse verte",18.0000,02/1998,80,1440.0000
"Carnarvon Tigers",62.5000,02/1998,25,1562.5000
"Sir Rodney's Marmalade",81.0000,02/1998,20,1620.0000
"Boston Crab Meat",18.4000,02/1998,91,1674.4000
"Tarte au sucre",49.3000,02/1998,35,1725.5000
Gudbrandsdalsost,36.0000,02/1998,50,1800.0000
Ikura,31.0000,02/1998,70,2170.0000
"Raclette Courdavault",55.0000,02/1998,40,2200.0000
"Thringer Rostbratwurst",123.7900,02/1998,24,2970.9600
"Camembert Pierrot",34.0000,02/1998,100,3400.0000
"Thringer Rostbratwurst",123.7900,02/1998,60,7427.4000
"Thringer Rostbratwurst",123.7900,02/1998,80,9903.2000
"Cte de Blaye",263.5000,02/1998,40,10540.0000
"Cte de Blaye",263.5000,02/1998,60,15810.0000
Konbu,4.8000,03/1997,1,4.8000
Geitost,2.0000,03/1997,12,24.0000
"Gula Malacca",15.5000,03/1997,2,31.0000
"Teatime Chocolate Biscuits",7.3000,03/1997,5,36.5000
"Pt chinois",19.2000,03/1997,2,38.4000
Spegesild,9.6000,03/1997,5,48.0000
"Rhnbru Klosterbier",6.2000,03/1997,10,62.0000
"Original Frankfurter grne Soe",10.4000,03/1997,7,72.8000
"Queso Cabrales",16.8000,03/1997,5,84.0000
"Guaran Fantstica",3.6000,03/1997,25,90.0000
"Guaran Fantstica",3.6000,03/1997,28,100.8000
Tunnbrd,7.2000,03/1997,15,108.0000
"Ipoh Coffee",36.8000,03/1997,3,110.4000
"Sir Rodney's Scones",8.0000,03/1997,14,112.0000
"Manjimup Dried Apples",42.4000,03/1997,3,127.2000
"Longlife Tofu",8.0000,03/1997,16,128.0000
"NuNuCa Nu-Nougat-Creme",11.2000,03/1997,12,134.4000
Tourtire,5.9000,03/1997,24,141.6000
"Outback Lager",12.0000,03/1997,12,144.0000
"Boston Crab Meat",14.7000,03/1997,10,147.0000
"Boston Crab Meat",14.7000,03/1997,10,147.0000
Tunnbrd,7.2000,03/1997,21,151.2000
"Teatime Chocolate Biscuits",7.3000,03/1997,21,153.3000
"Aniseed Syrup",8.0000,03/1997,20,160.0000
"Nord-Ost Matjeshering",20.7000,03/1997,8,165.6000
"Sir Rodney's Scones",8.0000,03/1997,21,168.0000
"Queso Cabrales",16.8000,03/1997,10,168.0000
Flotemysost,17.2000,03/1997,12,206.4000
"Wimmers gute Semmelkndel",26.6000,03/1997,8,212.8000
Chai,14.4000,03/1997,15,216.0000
Tofu,18.6000,03/1997,12,223.2000
"Rhnbru Klosterbier",6.2000,03/1997,36,223.2000
"Rogede sild",7.6000,03/1997,30,228.0000
"Zaanse koeken",7.6000,03/1997,30,228.0000
"Gula Malacca",15.5000,03/1997,15,232.5000
"Rd Kaviar",12.0000,03/1997,20,240.0000
Pavlova,13.9000,03/1997,18,250.2000
"Queso Cabrales",16.8000,03/1997,15,252.0000
"Chef Anton's Cajun Seasoning",17.6000,03/1997,16,281.6000
"Chartreuse verte",14.4000,03/1997,20,288.0000
"Guaran Fantstica",3.6000,03/1997,80,288.0000
"Boston Crab Meat",14.7000,03/1997,20,294.0000
"Scottish Longbreads",10.0000,03/1997,30,300.0000
Chang,15.2000,03/1997,20,304.0000
"Boston Crab Meat",14.7000,03/1997,21,308.7000
"Original Frankfurter grne Soe",10.4000,03/1997,30,312.0000
"Valkoinen suklaa",13.0000,03/1997,25,325.0000
"Gorgonzola Telino",10.0000,03/1997,35,350.0000
Maxilaku,16.0000,03/1997,24,384.0000
"Sasquatch Ale",11.2000,03/1997,35,392.0000
Pavlova,13.9000,03/1997,35,486.5000
Ikura,24.8000,03/1997,20,496.0000
"Raclette Courdavault",44.0000,03/1997,12,528.0000
"Camembert Pierrot",27.2000,03/1997,20,544.0000
"Ipoh Coffee",36.8000,03/1997,15,552.0000
"Singaporean Hokkien Fried Mee",11.2000,03/1997,50,560.0000
"Pt chinois",19.2000,03/1997,30,576.0000
Lakkalikri,14.4000,03/1997,42,604.8000
Chang,15.2000,03/1997,40,608.0000
"Gnocchi di nonna Alice",30.4000,03/1997,20,608.0000
"Rssle Sauerkraut",36.4000,03/1997,18,655.2000
"Outback Lager",12.0000,03/1997,60,720.0000
"Uncle Bob's Organic Dried Pears",24.0000,03/1997,30,720.0000
"Perth Pasties",26.2000,03/1997,28,733.6000
"Gumbr Gummibrchen",24.9000,03/1997,30,747.0000
"Manjimup Dried Apples",42.4000,03/1997,18,763.2000
"Wimmers gute Semmelkndel",26.6000,03/1997,30,798.0000
"Louisiana Hot Spiced Okra",13.6000,03/1997,60,816.0000
"Gnocchi di nonna Alice",30.4000,03/1997,30,912.0000
"Manjimup Dried Apples",42.4000,03/1997,25,1060.0000
"Camembert Pierrot",27.2000,03/1997,40,1088.0000
"Raclette Courdavault",44.0000,03/1997,30,1320.0000
"Carnarvon Tigers",50.0000,03/1997,30,1500.0000
"Thringer Rostbratwurst",99.0000,03/1997,18,1782.0000
"Raclette Courdavault",44.0000,03/1997,60,2640.0000
"Raclette Courdavault",44.0000,03/1997,60,2640.0000
"Cte de Blaye",210.8000,03/1997,30,6324.0000
Geitost,2.5000,03/1998,7,17.5000
"Nord-Ost Matjeshering",25.8900,03/1998,1,25.8900
"Filo Mix",7.0000,03/1998,5,35.0000
Geitost,2.5000,03/1998,15,37.5000
"Jack's New England Clam Chowder",9.6500,03/1998,4,38.6000
"Queso Cabrales",21.0000,03/1998,2,42.0000
"Filo Mix",7.0000,03/1998,6,42.0000
"Guaran Fantstica",4.5000,03/1998,10,45.0000
"Rhnbru Klosterbier",7.7500,03/1998,6,46.5000
"Zaanse koeken",9.5000,03/1998,5,47.5000
"Jack's New England Clam Chowder",9.6500,03/1998,6,57.9000
"Jack's New England Clam Chowder",9.6500,03/1998,6,57.9000
Konbu,6.0000,03/1998,10,60.0000
"Teatime Chocolate Biscuits",9.2000,03/1998,7,64.4000
"Perth Pasties",32.8000,03/1998,2,65.6000
"Camembert Pierrot",34.0000,03/1998,2,68.0000
Tunnbrd,9.0000,03/1998,8,72.0000
"Rhnbru Klosterbier",7.7500,03/1998,10,77.5000
"Rhnbru Klosterbier",7.7500,03/1998,10,77.5000
"Filo Mix",7.0000,03/1998,12,84.0000
"Guaran Fantstica",4.5000,03/1998,20,90.0000
"Rssle Sauerkraut",45.6000,03/1998,2,91.2000
"Rhnbru Klosterbier",7.7500,03/1998,12,93.0000
"Pt chinois",24.0000,03/1998,4,96.0000
"Queso Cabrales",21.0000,03/1998,5,105.0000
Spegesild,12.0000,03/1998,9,108.0000
"Chef Anton's Cajun Seasoning",22.0000,03/1998,5,110.0000
"Teatime Chocolate Biscuits",9.2000,03/1998,12,110.4000
"Guaran Fantstica",4.5000,03/1998,25,112.5000
"Gula Malacca",19.4500,03/1998,6,116.7000
"Sir Rodney's Scones",10.0000,03/1998,12,120.0000
Konbu,6.0000,03/1998,20,120.0000
Konbu,6.0000,03/1998,20,120.0000
"Gorgonzola Telino",12.5000,03/1998,10,125.0000
"Wimmers gute Semmelkndel",33.2500,03/1998,4,133.0000
"Zaanse koeken",9.5000,03/1998,14,133.0000
"Guaran Fantstica",4.5000,03/1998,30,135.0000
"Singaporean Hokkien Fried Mee",14.0000,03/1998,10,140.0000
"Valkoinen suklaa",16.2500,03/1998,9,146.2500
"Rhnbru Klosterbier",7.7500,03/1998,20,155.0000
"Rhnbru Klosterbier",7.7500,03/1998,20,155.0000
"Gumbr Gummibrchen",31.2300,03/1998,5,156.1500
"Guaran Fantstica",4.5000,03/1998,35,157.5000
"Mozzarella di Giovanni",34.8000,03/1998,5,174.0000
"Uncle Bob's Organic Dried Pears",30.0000,03/1998,6,180.0000
Lakkalikri,18.0000,03/1998,10,180.0000
Spegesild,12.0000,03/1998,15,180.0000
"Steeleye Stout",18.0000,03/1998,10,180.0000
"Boston Crab Meat",18.4000,03/1998,10,184.0000
Chang,19.0000,03/1998,10,190.0000
"Original Frankfurter grne Soe",13.0000,03/1998,15,195.0000
"Original Frankfurter grne Soe",13.0000,03/1998,15,195.0000
"Gravad lax",26.0000,03/1998,8,208.0000
Konbu,6.0000,03/1998,35,210.0000
"Raclette Courdavault",55.0000,03/1998,4,220.0000
"Jack's New England Clam Chowder",9.6500,03/1998,24,231.6000
"Alice Mutton",39.0000,03/1998,6,234.0000
"Alice Mutton",39.0000,03/1998,6,234.0000
"Uncle Bob's Organic Dried Pears",30.0000,03/1998,8,240.0000
"Carnarvon Tigers",62.5000,03/1998,4,250.0000
Konbu,6.0000,03/1998,42,252.0000
"Wimmers gute Semmelkndel",33.2500,03/1998,8,266.0000
"Ipoh Coffee",46.0000,03/1998,6,276.0000
"Filo Mix",7.0000,03/1998,40,280.0000
"Sasquatch Ale",14.0000,03/1998,20,280.0000
"Rogede sild",9.5000,03/1998,30,285.0000
"Zaanse koeken",9.5000,03/1998,30,285.0000
"Ravioli Angelo",19.5000,03/1998,15,292.5000
"Gorgonzola Telino",12.5000,03/1998,24,300.0000
"Grandma's Boysenberry Spread",25.0000,03/1998,12,300.0000
"Rhnbru Klosterbier",7.7500,03/1998,40,310.0000
"Gorgonzola Telino",12.5000,03/1998,25,312.5000
"Queso Cabrales",21.0000,03/1998,15,315.0000
Gudbrandsdalsost,36.0000,03/1998,9,324.0000
"NuNuCa Nu-Nougat-Creme",14.0000,03/1998,24,336.0000
"Laughing Lumberjack Lager",14.0000,03/1998,24,336.0000
"Mozzarella di Giovanni",34.8000,03/1998,10,348.0000
"Gula Malacca",19.4500,03/1998,18,350.1000
"Sir Rodney's Scones",10.0000,03/1998,36,360.0000
Gudbrandsdalsost,36.0000,03/1998,10,360.0000
"Guaran Fantstica",4.5000,03/1998,80,360.0000
"Rssle Sauerkraut",45.6000,03/1998,8,364.8000
"Boston Crab Meat",18.4000,03/1998,20,368.0000
"Carnarvon Tigers",62.5000,03/1998,6,375.0000
Chai,18.0000,03/1998,21,378.0000
"Rhnbru Klosterbier",7.7500,03/1998,49,379.7500
"Rhnbru Klosterbier",7.7500,03/1998,50,387.5000
"Valkoinen suklaa",16.2500,03/1998,24,390.0000
"Escargots de Bourgogne",13.2500,03/1998,30,397.5000
"Grandma's Boysenberry Spread",25.0000,03/1998,16,400.0000
"Sir Rodney's Scones",10.0000,03/1998,40,400.0000
"Sir Rodney's Marmalade",81.0000,03/1998,5,405.0000
"Ipoh Coffee",46.0000,03/1998,9,414.0000
Pavlova,17.4500,03/1998,24,418.8000
"Manjimup Dried Apples",53.0000,03/1998,8,424.0000
"Chef Anton's Gumbo Mix",21.3500,03/1998,20,427.0000
Vegie-spread,43.9000,03/1998,10,439.0000
"Gustaf's Knckebrd",21.0000,03/1998,21,441.0000
Lakkalikri,18.0000,03/1998,25,450.0000
"Gnocchi di nonna Alice",38.0000,03/1998,12,456.0000
"Ipoh Coffee",46.0000,03/1998,10,460.0000
Konbu,6.0000,03/1998,77,462.0000
"Inlagd Sill",19.0000,03/1998,25,475.0000
Pavlova,17.4500,03/1998,28,488.6000
"Grandma's Boysenberry Spread",25.0000,03/1998,20,500.0000
"Carnarvon Tigers",62.5000,03/1998,8,500.0000
Konbu,6.0000,03/1998,84,504.0000
"Original Frankfurter grne Soe",13.0000,03/1998,40,520.0000
Pavlova,17.4500,03/1998,30,523.5000
"Manjimup Dried Apples",53.0000,03/1998,10,530.0000
"Chartreuse verte",18.0000,03/1998,30,540.0000
"Uncle Bob's Organic Dried Pears",30.0000,03/1998,18,540.0000
"Gorgonzola Telino",12.5000,03/1998,44,550.0000
"Mozzarella di Giovanni",34.8000,03/1998,16,556.8000
"Laughing Lumberjack Lager",14.0000,03/1998,40,560.0000
Maxilaku,20.0000,03/1998,28,560.0000
"Inlagd Sill",19.0000,03/1998,30,570.0000
"Ravioli Angelo",19.5000,03/1998,30,585.0000
"Alice Mutton",39.0000,03/1998,15,585.0000
"Tarte au sucre",49.3000,03/1998,12,591.6000
"Uncle Bob's Organic Dried Pears",30.0000,03/1998,20,600.0000
"Sir Rodney's Scones",10.0000,03/1998,60,600.0000
"Pt chinois",24.0000,03/1998,25,600.0000
Ikura,31.0000,03/1998,20,620.0000
"Gorgonzola Telino",12.5000,03/1998,50,625.0000
"Queso Cabrales",21.0000,03/1998,30,630.0000
"Northwoods Cranberry Sauce",40.0000,03/1998,16,640.0000
"Perth Pasties",32.8000,03/1998,20,656.0000
"Gnocchi di nonna Alice",38.0000,03/1998,18,684.0000
"Tarte au sucre",49.3000,03/1998,14,690.2000
"Mozzarella di Giovanni",34.8000,03/1998,20,696.0000
"Steeleye Stout",18.0000,03/1998,40,720.0000
Flotemysost,21.5000,03/1998,35,752.5000
"Queso Manchego La Pastora",38.0000,03/1998,20,760.0000
"Inlagd Sill",19.0000,03/1998,40,760.0000
Ikura,31.0000,03/1998,25,775.0000
"Nord-Ost Matjeshering",25.8900,03/1998,30,776.7000
"Northwoods Cranberry Sauce",40.0000,03/1998,20,800.0000
Maxilaku,20.0000,03/1998,40,800.0000
"Camembert Pierrot",34.0000,03/1998,24,816.0000
"Manjimup Dried Apples",53.0000,03/1998,16,848.0000
"Sirop d'rable",28.5000,03/1998,30,855.0000
"Rssle Sauerkraut",45.6000,03/1998,20,912.0000
Ikura,31.0000,03/1998,30,930.0000
"Scottish Longbreads",12.5000,03/1998,80,1000.0000
"Grandma's Boysenberry Spread",25.0000,03/1998,40,1000.0000
Chai,18.0000,03/1998,60,1080.0000
"Schoggi Schokolade",43.9000,03/1998,25,1097.5000
"Ipoh Coffee",46.0000,03/1998,24,1104.0000
"Mascarpone Fabioli",32.0000,03/1998,35,1120.0000
"Queso Manchego La Pastora",38.0000,03/1998,30,1140.0000
"Camembert Pierrot",34.0000,03/1998,35,1190.0000
"Sir Rodney's Marmalade",81.0000,03/1998,15,1215.0000
"Schoggi Schokolade",43.9000,03/1998,30,1317.0000
"Cte de Blaye",263.5000,03/1998,5,1317.5000
"Uncle Bob's Organic Dried Pears",30.0000,03/1998,45,1350.0000
"Rssle Sauerkraut",45.6000,03/1998,30,1368.0000
"Tarte au sucre",49.3000,03/1998,30,1479.0000
Pavlova,17.4500,03/1998,91,1587.9500
"Camembert Pierrot",34.0000,03/1998,49,1666.0000
"Thringer Rostbratwurst",123.7900,03/1998,14,1733.0600
"Mozzarella di Giovanni",34.8000,03/1998,50,1740.0000
Vegie-spread,43.9000,03/1998,40,1756.0000
Lakkalikri,18.0000,03/1998,104,1872.0000
"Tarte au sucre",49.3000,03/1998,40,1972.0000
"Manjimup Dried Apples",53.0000,03/1998,40,2120.0000
Vegie-spread,43.9000,03/1998,55,2414.5000
"Tarte au sucre",49.3000,03/1998,60,2958.0000
"Uncle Bob's Organic Dried Pears",30.0000,03/1998,120,3600.0000
"Sir Rodney's Marmalade",81.0000,03/1998,50,4050.0000
"Cte de Blaye",263.5000,03/1998,60,15810.0000
"Guaran Fantstica",4.5000,04/1997,5,22.5000
"Guaran Fantstica",4.5000,04/1997,8,36.0000
Geitost,2.5000,04/1997,16,40.0000
"Filo Mix",7.0000,04/1997,6,42.0000
"Guaran Fantstica",4.5000,04/1997,10,45.0000
"Original Frankfurter grne Soe",10.4000,04/1997,5,52.0000
"Steeleye Stout",18.0000,04/1997,3,54.0000
"Zaanse koeken",9.5000,04/1997,6,57.0000
Konbu,6.0000,04/1997,10,60.0000
"Guaran Fantstica",4.5000,04/1997,14,63.0000
Tunnbrd,7.2000,04/1997,10,72.0000
"Scottish Longbreads",12.5000,04/1997,6,75.0000
"Outback Lager",15.0000,04/1997,6,90.0000
"Boston Crab Meat",18.4000,04/1997,5,92.0000
"Jack's New England Clam Chowder",9.6500,04/1997,10,96.5000
Spegesild,12.0000,04/1997,9,108.0000
"Sir Rodney's Scones",10.0000,04/1997,12,120.0000
"Louisiana Hot Spiced Okra",13.6000,04/1997,10,136.0000
"Rssle Sauerkraut",45.6000,04/1997,3,136.8000
"Tarte au sucre",49.3000,04/1997,3,147.9000
Tourtire,7.4500,04/1997,20,149.0000
"Jack's New England Clam Chowder",7.7000,04/1997,20,154.0000
"Perth Pasties",32.8000,04/1997,5,164.0000
"Gula Malacca",19.4500,04/1997,9,175.0500
"Chartreuse verte",18.0000,04/1997,10,180.0000
"Genen Shouyu",15.5000,04/1997,12,186.0000
Chocolade,12.7500,04/1997,15,191.2500
"Perth Pasties",32.8000,04/1997,6,196.8000
"Rogede sild",9.5000,04/1997,21,199.5000
"Gorgonzola Telino",10.0000,04/1997,20,200.0000
"Outback Lager",15.0000,04/1997,14,210.0000
"Raclette Courdavault",55.0000,04/1997,4,220.0000
"Singaporean Hokkien Fried Mee",11.2000,04/1997,20,224.0000
Chang,19.0000,04/1997,12,228.0000
"Louisiana Fiery Hot Pepper Sauce",16.8000,04/1997,15,252.0000
"NuNuCa Nu-Nougat-Creme",14.0000,04/1997,18,252.0000
"Original Frankfurter grne Soe",10.4000,04/1997,25,260.0000
"Rhnbru Klosterbier",7.7500,04/1997,36,279.0000
"Singaporean Hokkien Fried Mee",14.0000,04/1997,20,280.0000
Gudbrandsdalsost,28.8000,04/1997,10,288.0000
"Perth Pasties",32.8000,04/1997,10,328.0000
"Camembert Pierrot",34.0000,04/1997,10,340.0000
"Rssle Sauerkraut",45.6000,04/1997,8,364.8000
"Rhnbru Klosterbier",7.7500,04/1997,50,387.5000
"Northwoods Cranberry Sauce",40.0000,04/1997,10,400.0000
"Sir Rodney's Scones",10.0000,04/1997,40,400.0000
"Camembert Pierrot",34.0000,04/1997,12,408.0000
"Laughing Lumberjack Lager",14.0000,04/1997,30,420.0000
"Singaporean Hokkien Fried Mee",14.0000,04/1997,30,420.0000
"Louisiana Fiery Hot Pepper Sauce",21.0500,04/1997,20,421.0000
"Gnocchi di nonna Alice",30.4000,04/1997,14,425.6000
"Sirop d'rable",28.5000,04/1997,15,427.5000
"Boston Crab Meat",18.4000,04/1997,25,460.0000
Ikura,31.0000,04/1997,16,496.0000
Maxilaku,20.0000,04/1997,25,500.0000
"Nord-Ost Matjeshering",25.8900,04/1997,20,517.8000
"NuNuCa Nu-Nougat-Creme",11.2000,04/1997,60,672.0000
"Ipoh Coffee",46.0000,04/1997,15,690.0000
"Mozzarella di Giovanni",27.8000,04/1997,25,695.0000
"Sirop d'rable",28.5000,04/1997,25,712.5000
Chai,18.0000,04/1997,40,720.0000
"Jack's New England Clam Chowder",9.6500,04/1997,80,772.0000
"Louisiana Fiery Hot Pepper Sauce",21.0500,04/1997,39,820.9500
Pavlova,17.4500,04/1997,50,872.5000
"Rssle Sauerkraut",45.6000,04/1997,20,912.0000
"Gnocchi di nonna Alice",30.4000,04/1997,30,912.0000
"Northwoods Cranberry Sauce",40.0000,04/1997,24,960.0000
"Chef Anton's Cajun Seasoning",22.0000,04/1997,50,1100.0000
"Uncle Bob's Organic Dried Pears",30.0000,04/1997,50,1500.0000
"Gnocchi di nonna Alice",38.0000,04/1997,40,1520.0000
"Mishi Kobe Niku",97.0000,04/1997,16,1552.0000
"Carnarvon Tigers",62.5000,04/1997,25,1562.5000
"Rssle Sauerkraut",45.6000,04/1997,35,1596.0000
"Mascarpone Fabioli",32.0000,04/1997,50,1600.0000
Tofu,23.2500,04/1997,70,1627.5000
"Gnocchi di nonna Alice",38.0000,04/1997,70,2660.0000
"Camembert Pierrot",34.0000,04/1997,84,2856.0000
"Sir Rodney's Marmalade",81.0000,04/1997,39,3159.0000
"Cte de Blaye",263.5000,04/1997,15,3952.5000
"Thringer Rostbratwurst",123.7900,04/1997,36,4456.4400
"Schoggi Schokolade",43.9000,04/1997,120,5268.0000
"Filo Mix",7.0000,04/1998,2,14.0000
"Scottish Longbreads",12.5000,04/1998,2,25.0000
Geitost,2.5000,04/1998,10,25.0000
"Sir Rodney's Scones",10.0000,04/1998,3,30.0000
Spegesild,12.0000,04/1998,3,36.0000
Geitost,2.5000,04/1998,15,37.5000
Maxilaku,20.0000,04/1998,2,40.0000
Konbu,6.0000,04/1998,7,42.0000
"Guaran Fantstica",4.5000,04/1998,10,45.0000
"Guaran Fantstica",4.5000,04/1998,10,45.0000
"Outback Lager",15.0000,04/1998,3,45.0000
"Guaran Fantstica",4.5000,04/1998,12,54.0000
"Guaran Fantstica",4.5000,04/1998,12,54.0000
"Singaporean Hokkien Fried Mee",14.0000,04/1998,4,56.0000
"Outback Lager",15.0000,04/1998,4,60.0000
"Guaran Fantstica",4.5000,04/1998,15,67.5000
"Mozzarella di Giovanni",34.8000,04/1998,2,69.6000
"Filo Mix",7.0000,04/1998,10,70.0000
Chai,18.0000,04/1998,4,72.0000
Tourtire,7.4500,04/1998,10,74.5000
Geitost,2.5000,04/1998,30,75.0000
Tunnbrd,9.0000,04/1998,10,90.0000
"Boston Crab Meat",18.4000,04/1998,5,92.0000
"Guaran Fantstica",4.5000,04/1998,21,94.5000
Lakkalikri,18.0000,04/1998,6,108.0000
"Sirop d'rable",28.5000,04/1998,4,114.0000
"Sirop d'rable",28.5000,04/1998,4,114.0000
Konbu,6.0000,04/1998,20,120.0000
"Uncle Bob's Organic Dried Pears",30.0000,04/1998,4,120.0000
"Original Frankfurter grne Soe",13.0000,04/1998,10,130.0000
"Guaran Fantstica",4.5000,04/1998,30,135.0000
"Guaran Fantstica",4.5000,04/1998,30,135.0000
"Camembert Pierrot",34.0000,04/1998,4,136.0000
"Filo Mix",7.0000,04/1998,20,140.0000
"Sir Rodney's Scones",10.0000,04/1998,15,150.0000
"Queso Manchego La Pastora",38.0000,04/1998,4,152.0000
"Sirop d'rable",28.5000,04/1998,6,171.0000
Chai,18.0000,04/1998,10,180.0000
Konbu,6.0000,04/1998,30,180.0000
Chai,18.0000,04/1998,10,180.0000
Chai,18.0000,04/1998,10,180.0000
"Outback Lager",15.0000,04/1998,12,180.0000
"Boston Crab Meat",18.4000,04/1998,10,184.0000
"Gumbr Gummibrchen",31.2300,04/1998,6,187.3800
"Gorgonzola Telino",12.5000,04/1998,15,187.5000
Chang,19.0000,04/1998,10,190.0000
"Gnocchi di nonna Alice",38.0000,04/1998,5,190.0000
"Rogede sild",9.5000,04/1998,20,190.0000
"Jack's New England Clam Chowder",9.6500,04/1998,20,193.0000
"Singaporean Hokkien Fried Mee",14.0000,04/1998,14,196.0000
"Sirop d'rable",28.5000,04/1998,7,199.5000
"Longlife Tofu",10.0000,04/1998,20,200.0000
"Sir Rodney's Scones",10.0000,04/1998,20,200.0000
Chang,19.0000,04/1998,11,209.0000
"Queso Cabrales",21.0000,04/1998,10,210.0000
"NuNuCa Nu-Nougat-Creme",14.0000,04/1998,15,210.0000
"Rhnbru Klosterbier",7.7500,04/1998,30,232.5000
"Gula Malacca",19.4500,04/1998,12,233.4000
"Original Frankfurter grne Soe",13.0000,04/1998,18,234.0000
Spegesild,12.0000,04/1998,20,240.0000
"Thringer Rostbratwurst",123.7900,04/1998,2,247.5800
"Aniseed Syrup",10.0000,04/1998,25,250.0000
"Steeleye Stout",18.0000,04/1998,15,270.0000
"Jack's New England Clam Chowder",9.6500,04/1998,28,270.2000
"Original Frankfurter grne Soe",13.0000,04/1998,21,273.0000
"Laughing Lumberjack Lager",14.0000,04/1998,20,280.0000
"Sirop d'rable",28.5000,04/1998,10,285.0000
"Jack's New England Clam Chowder",9.6500,04/1998,30,289.5000
"Gula Malacca",19.4500,04/1998,15,291.7500
"Outback Lager",15.0000,04/1998,20,300.0000
Spegesild,12.0000,04/1998,25,300.0000
"Inlagd Sill",19.0000,04/1998,16,304.0000
"Camembert Pierrot",34.0000,04/1998,9,306.0000
"Teatime Chocolate Biscuits",9.2000,04/1998,35,322.0000
"Steeleye Stout",18.0000,04/1998,18,324.0000
"Perth Pasties",32.8000,04/1998,10,328.0000
"Singaporean Hokkien Fried Mee",14.0000,04/1998,24,336.0000
Konbu,6.0000,04/1998,56,336.0000
"Jack's New England Clam Chowder",9.6500,04/1998,35,337.7500
"Inlagd Sill",19.0000,04/1998,18,342.0000
Flotemysost,21.5000,04/1998,16,344.0000
"Gumbr Gummibrchen",31.2300,04/1998,12,374.7600
"Nord-Ost Matjeshering",25.8900,04/1998,15,388.3500
"Ravioli Angelo",19.5000,04/1998,20,390.0000
"Original Frankfurter grne Soe",13.0000,04/1998,30,390.0000
"Sasquatch Ale",14.0000,04/1998,30,420.0000
"Singaporean Hokkien Fried Mee",14.0000,04/1998,30,420.0000
"Steeleye Stout",18.0000,04/1998,24,432.0000
"Louisiana Fiery Hot Pepper Sauce",21.0500,04/1998,21,442.0500
"Outback Lager",15.0000,04/1998,30,450.0000
Chai,18.0000,04/1998,25,450.0000
Flotemysost,21.5000,04/1998,21,451.5000
"Teatime Chocolate Biscuits",9.2000,04/1998,50,460.0000
"Alice Mutton",39.0000,04/1998,12,468.0000
Konbu,6.0000,04/1998,80,480.0000
"Mascarpone Fabioli",32.0000,04/1998,15,480.0000
"Carnarvon Tigers",62.5000,04/1998,8,500.0000
"Gustaf's Knckebrd",21.0000,04/1998,25,525.0000
"Scottish Longbreads",12.5000,04/1998,42,525.0000
Vegie-spread,43.9000,04/1998,12,526.8000
"Escargots de Bourgogne",13.2500,04/1998,40,530.0000
"Manjimup Dried Apples",53.0000,04/1998,10,530.0000
"Ravioli Angelo",19.5000,04/1998,28,546.0000
"Chef Anton's Cajun Seasoning",22.0000,04/1998,25,550.0000
"Raclette Courdavault",55.0000,04/1998,10,550.0000
"Singaporean Hokkien Fried Mee",14.0000,04/1998,40,560.0000
Chang,19.0000,04/1998,30,570.0000
"Tarte au sucre",49.3000,04/1998,12,591.6000
"Uncle Bob's Organic Dried Pears",30.0000,04/1998,20,600.0000
"Carnarvon Tigers",62.5000,04/1998,10,625.0000
"Mascarpone Fabioli",32.0000,04/1998,20,640.0000
"Chef Anton's Gumbo Mix",21.3500,04/1998,30,640.5000
Flotemysost,21.5000,04/1998,30,645.0000
"Camembert Pierrot",34.0000,04/1998,19,646.0000
"Sir Rodney's Scones",10.0000,04/1998,65,650.0000
"Wimmers gute Semmelkndel",33.2500,04/1998,20,665.0000
"Inlagd Sill",19.0000,04/1998,35,665.0000
"Boston Crab Meat",18.4000,04/1998,40,736.0000
Ikura,31.0000,04/1998,24,744.0000
"Gnocchi di nonna Alice",38.0000,04/1998,20,760.0000
"Queso Manchego La Pastora",38.0000,04/1998,20,760.0000
"Queso Manchego La Pastora",38.0000,04/1998,20,760.0000
"Manjimup Dried Apples",53.0000,04/1998,15,795.0000
Chai,18.0000,04/1998,45,810.0000
"Wimmers gute Semmelkndel",33.2500,04/1998,25,831.2500
"Sasquatch Ale",14.0000,04/1998,60,840.0000
"Pt chinois",24.0000,04/1998,35,840.0000
"Pt chinois",24.0000,04/1998,35,840.0000
Lakkalikri,18.0000,04/1998,50,900.0000
"Rssle Sauerkraut",45.6000,04/1998,20,912.0000
Chang,19.0000,04/1998,50,950.0000
"Raclette Courdavault",55.0000,04/1998,18,990.0000
"Tarte au sucre",49.3000,04/1998,21,1035.3000
"Manjimup Dried Apples",53.0000,04/1998,20,1060.0000
"Manjimup Dried Apples",53.0000,04/1998,20,1060.0000
Flotemysost,21.5000,04/1998,50,1075.0000
Gudbrandsdalsost,36.0000,04/1998,30,1080.0000
"Steeleye Stout",18.0000,04/1998,60,1080.0000
"Pt chinois",24.0000,04/1998,46,1104.0000
Maxilaku,20.0000,04/1998,60,1200.0000
"Uncle Bob's Organic Dried Pears",30.0000,04/1998,40,1200.0000
"Northwoods Cranberry Sauce",40.0000,04/1998,30,1200.0000
"Sir Rodney's Marmalade",81.0000,04/1998,15,1215.0000
"Mozzarella di Giovanni",34.8000,04/1998,35,1218.0000
"Camembert Pierrot",34.0000,04/1998,36,1224.0000
"Thringer Rostbratwurst",123.7900,04/1998,10,1237.9000
"Sasquatch Ale",14.0000,04/1998,90,1260.0000
"Manjimup Dried Apples",53.0000,04/1998,24,1272.0000
Gudbrandsdalsost,36.0000,04/1998,36,1296.0000
Vegie-spread,43.9000,04/1998,30,1317.0000
"Raclette Courdavault",55.0000,04/1998,24,1320.0000
"Ipoh Coffee",46.0000,04/1998,30,1380.0000
"Ipoh Coffee",46.0000,04/1998,30,1380.0000
"Chef Anton's Gumbo Mix",21.3500,04/1998,70,1494.5000
"Pt chinois",24.0000,04/1998,65,1560.0000
"Mascarpone Fabioli",32.0000,04/1998,50,1600.0000
Lakkalikri,18.0000,04/1998,90,1620.0000
"Raclette Courdavault",55.0000,04/1998,30,1650.0000
"Camembert Pierrot",34.0000,04/1998,50,1700.0000
Flotemysost,21.5000,04/1998,80,1720.0000
"Uncle Bob's Organic Dried Pears",30.0000,04/1998,60,1800.0000
"Sirop d'rable",28.5000,04/1998,66,1881.0000
Chang,19.0000,04/1998,100,1900.0000
"Camembert Pierrot",34.0000,04/1998,56,1904.0000
"Gumbr Gummibrchen",31.2300,04/1998,63,1967.4900
"Carnarvon Tigers",62.5000,04/1998,35,2187.5000
"Perth Pasties",32.8000,04/1998,70,2296.0000
"Manjimup Dried Apples",53.0000,04/1998,44,2332.0000
"Rssle Sauerkraut",45.6000,04/1998,70,3192.0000
"Raclette Courdavault",55.0000,04/1998,110,6050.0000
"Thringer Rostbratwurst",123.7900,04/1998,50,6189.5000
"Cte de Blaye",263.5000,04/1998,25,6587.5000
"Raclette Courdavault",55.0000,04/1998,130,7150.0000
"Thringer Rostbratwurst",123.7900,04/1998,60,7427.4000
Geitost,2.5000,05/1997,8,20.0000
"Mozzarella di Giovanni",34.8000,05/1997,1,34.8000
Geitost,2.5000,05/1997,15,37.5000
Konbu,6.0000,05/1997,8,48.0000
"Jack's New England Clam Chowder",9.6500,05/1997,6,57.9000
Konbu,6.0000,05/1997,10,60.0000
"Sir Rodney's Scones",10.0000,05/1997,6,60.0000
Ikura,31.0000,05/1997,2,62.0000
"Queso Cabrales",21.0000,05/1997,3,63.0000
Tourtire,7.4500,05/1997,10,74.5000
Geitost,2.5000,05/1997,30,75.0000
"Teatime Chocolate Biscuits",9.2000,05/1997,10,92.0000
"Ravioli Angelo",19.5000,05/1997,5,97.5000
"Laughing Lumberjack Lager",14.0000,05/1997,7,98.0000
"Outback Lager",15.0000,05/1997,7,105.0000
"Steeleye Stout",18.0000,05/1997,6,108.0000
"Raclette Courdavault",55.0000,05/1997,2,110.0000
Tourtire,7.4500,05/1997,15,111.7500
Maxilaku,20.0000,05/1997,6,120.0000
"Original Frankfurter grne Soe",13.0000,05/1997,10,130.0000
"Rd Kaviar",15.0000,05/1997,9,135.0000
"Jack's New England Clam Chowder",9.6500,05/1997,14,135.1000
"Sasquatch Ale",14.0000,05/1997,10,140.0000
Chai,18.0000,05/1997,8,144.0000
"Sir Rodney's Scones",10.0000,05/1997,15,150.0000
"Guaran Fantstica",4.5000,05/1997,35,157.5000
Tourtire,7.4500,05/1997,24,178.8000
Tunnbrd,9.0000,05/1997,20,180.0000
"Boston Crab Meat",18.4000,05/1997,10,184.0000
"Boston Crab Meat",18.4000,05/1997,10,184.0000
Flotemysost,21.5000,05/1997,9,193.5000
"Queso Cabrales",21.0000,05/1997,10,210.0000
"Rhnbru Klosterbier",7.7500,05/1997,30,232.5000
"Scottish Longbreads",12.5000,05/1997,20,250.0000
"Nord-Ost Matjeshering",25.8900,05/1997,10,258.9000
"Nord-Ost Matjeshering",25.8900,05/1997,10,258.9000
"Escargots de Bourgogne",13.2500,05/1997,20,265.0000
"Boston Crab Meat",18.4000,05/1997,15,276.0000
"Sirop d'rable",28.5000,05/1997,10,285.0000
"Uncle Bob's Organic Dried Pears",30.0000,05/1997,10,300.0000
"Alice Mutton",39.0000,05/1997,8,312.0000
"Mozzarella di Giovanni",34.8000,05/1997,9,313.2000
"Queso Cabrales",21.0000,05/1997,15,315.0000
"Queso Cabrales",21.0000,05/1997,15,315.0000
"Manjimup Dried Apples",53.0000,05/1997,6,318.0000
"Rssle Sauerkraut",45.6000,05/1997,7,319.2000
"Pt chinois",24.0000,05/1997,14,336.0000
Gudbrandsdalsost,36.0000,05/1997,10,360.0000
"Steeleye Stout",18.0000,05/1997,20,360.0000
"Rd Kaviar",15.0000,05/1997,24,360.0000
"Gorgonzola Telino",12.5000,05/1997,30,375.0000
"Nord-Ost Matjeshering",25.8900,05/1997,15,388.3500
"Louisiana Hot Spiced Okra",17.0000,05/1997,24,408.0000
"Scottish Longbreads",12.5000,05/1997,35,437.5000
"Gravad lax",26.0000,05/1997,18,468.0000
"Gustaf's Knckebrd",21.0000,05/1997,24,504.0000
"Steeleye Stout",18.0000,05/1997,30,540.0000
"Queso Manchego La Pastora",38.0000,05/1997,15,570.0000
"Inlagd Sill",19.0000,05/1997,30,570.0000
"Sirop d'rable",28.5000,05/1997,20,570.0000
"Inlagd Sill",19.0000,05/1997,30,570.0000
"Aniseed Syrup",10.0000,05/1997,60,600.0000
"Gorgonzola Telino",12.5000,05/1997,50,625.0000
Tunnbrd,9.0000,05/1997,70,630.0000
Gudbrandsdalsost,36.0000,05/1997,18,648.0000
"Gorgonzola Telino",12.5000,05/1997,55,687.5000
Pavlova,17.4500,05/1997,40,698.0000
"Mozzarella di Giovanni",34.8000,05/1997,21,730.8000
"Louisiana Fiery Hot Pepper Sauce",21.0500,05/1997,36,757.8000
Pavlova,17.4500,05/1997,44,767.8000
"Mascarpone Fabioli",32.0000,05/1997,24,768.0000
"Gula Malacca",19.4500,05/1997,40,778.0000
"Raclette Courdavault",55.0000,05/1997,15,825.0000
"Mozzarella di Giovanni",34.8000,05/1997,24,835.2000
Lakkalikri,18.0000,05/1997,50,900.0000
"Rogede sild",9.5000,05/1997,100,950.0000
"Alice Mutton",39.0000,05/1997,25,975.0000
"Tarte au sucre",49.3000,05/1997,20,986.0000
"Queso Cabrales",21.0000,05/1997,50,1050.0000
"Chef Anton's Cajun Seasoning",22.0000,05/1997,50,1100.0000
"Chef Anton's Cajun Seasoning",22.0000,05/1997,50,1100.0000
"Inlagd Sill",19.0000,05/1997,60,1140.0000
"Queso Manchego La Pastora",38.0000,05/1997,30,1140.0000
"Gnocchi di nonna Alice",38.0000,05/1997,30,1140.0000
"Ipoh Coffee",46.0000,05/1997,25,1150.0000
"Camembert Pierrot",34.0000,05/1997,35,1190.0000
"Sir Rodney's Marmalade",81.0000,05/1997,15,1215.0000
"Gumbr Gummibrchen",31.2300,05/1997,40,1249.2000
"Alice Mutton",39.0000,05/1997,40,1560.0000
"Tarte au sucre",49.3000,05/1997,40,1972.0000
"Manjimup Dried Apples",53.0000,05/1997,48,2544.0000
"Ipoh Coffee",46.0000,05/1997,60,2760.0000
"Cte de Blaye",263.5000,05/1997,34,8959.0000
"Filo Mix",7.0000,05/1998,2,14.0000
"Louisiana Hot Spiced Okra",17.0000,05/1998,1,17.0000
Tunnbrd,9.0000,05/1998,2,18.0000
"Chef Anton's Cajun Seasoning",22.0000,05/1998,1,22.0000
Konbu,6.0000,05/1998,4,24.0000
"Original Frankfurter grne Soe",13.0000,05/1998,2,26.0000
"Jack's New England Clam Chowder",9.6500,05/1998,3,28.9500
"Rd Kaviar",15.0000,05/1998,2,30.0000
"Uncle Bob's Organic Dried Pears",30.0000,05/1998,1,30.0000
"Rhnbru Klosterbier",7.7500,05/1998,4,31.0000
Ikura,31.0000,05/1998,1,31.0000
"Mascarpone Fabioli",32.0000,05/1998,1,32.0000
Lakkalikri,18.0000,05/1998,2,36.0000
"Chartreuse verte",18.0000,05/1998,2,36.0000
"Aniseed Syrup",10.0000,05/1998,4,40.0000
"Pt chinois",24.0000,05/1998,2,48.0000
Pavlova,17.4500,05/1998,3,52.3500
Konbu,6.0000,05/1998,10,60.0000
"Wimmers gute Semmelkndel",33.2500,05/1998,2,66.5000
"Camembert Pierrot",34.0000,05/1998,2,68.0000
"Queso Manchego La Pastora",38.0000,05/1998,2,76.0000
"Northwoods Cranberry Sauce",40.0000,05/1998,2,80.0000
"Sir Rodney's Marmalade",81.0000,05/1998,1,81.0000
"Jack's New England Clam Chowder",9.6500,05/1998,9,86.8500
"Guaran Fantstica",4.5000,05/1998,20,90.0000
"Teatime Chocolate Biscuits",9.2000,05/1998,10,92.0000
"Pt chinois",24.0000,05/1998,4,96.0000
"Nord-Ost Matjeshering",25.8900,05/1998,4,103.5600
"Jack's New England Clam Chowder",9.6500,05/1998,12,115.8000
Tourtire,7.4500,05/1998,20,149.0000
"Queso Cabrales",21.0000,05/1998,10,210.0000
"Gorgonzola Telino",12.5000,05/1998,20,250.0000
Pavlova,17.4500,05/1998,16,279.2000
"Valkoinen suklaa",16.2500,05/1998,22,357.5000
"Chartreuse verte",18.0000,05/1998,20,360.0000
"Original Frankfurter grne Soe",13.0000,05/1998,28,364.0000
"Rssle Sauerkraut",45.6000,05/1998,8,364.8000
"Jack's New England Clam Chowder",9.6500,05/1998,40,386.0000
"Teatime Chocolate Biscuits",9.2000,05/1998,42,386.4000
Spegesild,12.0000,05/1998,33,396.0000
"Uncle Bob's Organic Dried Pears",30.0000,05/1998,15,450.0000
Tofu,23.2500,05/1998,21,488.2500
"Sasquatch Ale",14.0000,05/1998,35,490.0000
Pavlova,17.4500,05/1998,30,523.5000
"Grandma's Boysenberry Spread",25.0000,05/1998,21,525.0000
Chang,19.0000,05/1998,28,532.0000
Chang,19.0000,05/1998,34,646.0000
"Scottish Longbreads",12.5000,05/1998,55,687.5000
Chai,18.0000,05/1998,40,720.0000
"Perth Pasties",32.8000,05/1998,25,820.0000
"Ipoh Coffee",46.0000,05/1998,36,1656.0000
"Alice Mutton",39.0000,05/1998,77,3003.0000
"Wimmers gute Semmelkndel",33.2500,05/1998,130,4322.5000
Geitost,2.5000,06/1997,14,35.0000
"Boston Crab Meat",18.4000,06/1997,2,36.8000
"Rd Kaviar",15.0000,06/1997,3,45.0000
Geitost,2.5000,06/1997,20,50.0000
"Gorgonzola Telino",12.5000,06/1997,6,75.0000
"Ravioli Angelo",19.5000,06/1997,4,78.0000
"Guaran Fantstica",4.5000,06/1997,18,81.0000
"Jack's New England Clam Chowder",9.6500,06/1997,9,86.8500
"Guaran Fantstica",4.5000,06/1997,25,112.5000
"Jack's New England Clam Chowder",9.6500,06/1997,12,115.8000
"Rhnbru Klosterbier",7.7500,06/1997,15,116.2500
"Ravioli Angelo",19.5000,06/1997,6,117.0000
"Genen Shouyu",15.5000,06/1997,10,155.0000
"Rhnbru Klosterbier",7.7500,06/1997,20,155.0000
Ikura,31.0000,06/1997,5,155.0000
"Rhnbru Klosterbier",7.7500,06/1997,20,155.0000
"Manjimup Dried Apples",53.0000,06/1997,3,159.0000
"Rhnbru Klosterbier",7.7500,06/1997,21,162.7500
"Chartreuse verte",18.0000,06/1997,10,180.0000
Lakkalikri,18.0000,06/1997,10,180.0000
Lakkalikri,18.0000,06/1997,10,180.0000
Chai,18.0000,06/1997,10,180.0000
"Gula Malacca",19.4500,06/1997,10,194.5000
"Wimmers gute Semmelkndel",33.2500,06/1997,6,199.5000
Pavlova,17.4500,06/1997,12,209.4000
"Filo Mix",7.0000,06/1997,30,210.0000
"Original Frankfurter grne Soe",13.0000,06/1997,18,234.0000
"Zaanse koeken",9.5000,06/1997,25,237.5000
"Gorgonzola Telino",12.5000,06/1997,20,250.0000
Lakkalikri,18.0000,06/1997,14,252.0000
Tofu,23.2500,06/1997,11,255.7500
Vegie-spread,43.9000,06/1997,6,263.4000
"Queso Cabrales",21.0000,06/1997,15,315.0000
"Mascarpone Fabioli",32.0000,06/1997,10,320.0000
"Teatime Chocolate Biscuits",9.2000,06/1997,35,322.0000
Tofu,23.2500,06/1997,15,348.7500
Gudbrandsdalsost,36.0000,06/1997,10,360.0000
"Steeleye Stout",18.0000,06/1997,20,360.0000
"Rhnbru Klosterbier",7.7500,06/1997,50,387.5000
"Singaporean Hokkien Fried Mee",14.0000,06/1997,28,392.0000
"Gula Malacca",19.4500,06/1997,21,408.4500
"Pt chinois",24.0000,06/1997,18,432.0000
"Gorgonzola Telino",12.5000,06/1997,35,437.5000
"Inlagd Sill",19.0000,06/1997,25,475.0000
"Filo Mix",7.0000,06/1997,70,490.0000
"Tarte au sucre",49.3000,06/1997,10,493.0000
"Tarte au sucre",49.3000,06/1997,10,493.0000
"Nord-Ost Matjeshering",25.8900,06/1997,20,517.8000
Lakkalikri,18.0000,06/1997,30,540.0000
"Sasquatch Ale",14.0000,06/1997,40,560.0000
"Perth Pasties",32.8000,06/1997,18,590.4000
"Wimmers gute Semmelkndel",33.2500,06/1997,18,598.5000
"Pt chinois",24.0000,06/1997,25,600.0000
"Alice Mutton",39.0000,06/1997,16,624.0000
"Gorgonzola Telino",12.5000,06/1997,50,625.0000
"Louisiana Fiery Hot Pepper Sauce",21.0500,06/1997,30,631.5000
"Raclette Courdavault",55.0000,06/1997,12,660.0000
Tofu,23.2500,06/1997,30,697.5000
"Alice Mutton",39.0000,06/1997,18,702.0000
"Queso Cabrales",21.0000,06/1997,35,735.0000
"Tarte au sucre",49.3000,06/1997,15,739.5000
"Gorgonzola Telino",12.5000,06/1997,60,750.0000
"Camembert Pierrot",34.0000,06/1997,24,816.0000
"Perth Pasties",32.8000,06/1997,25,820.0000
"Mozzarella di Giovanni",34.8000,06/1997,24,835.2000
"Boston Crab Meat",18.4000,06/1997,50,920.0000
"Wimmers gute Semmelkndel",33.2500,06/1997,30,997.5000
"Mozzarella di Giovanni",34.8000,06/1997,30,1044.0000
"Manjimup Dried Apples",53.0000,06/1997,20,1060.0000
"Manjimup Dried Apples",53.0000,06/1997,20,1060.0000
"Carnarvon Tigers",62.5000,06/1997,18,1125.0000
"Thringer Rostbratwurst",123.7900,06/1997,10,1237.9000
"Gnocchi di nonna Alice",38.0000,06/1997,40,1520.0000
"Raclette Courdavault",55.0000,06/1997,40,2200.0000
"Gnocchi di nonna Alice",38.0000,06/1997,60,2280.0000
"Manjimup Dried Apples",53.0000,06/1997,50,2650.0000
"Gravad lax",20.8000,07/1996,1,20.8000
Geitost,2.0000,07/1996,25,50.0000
"Guaran Fantstica",3.6000,07/1996,15,54.0000
"Gnocchi di nonna Alice",30.4000,07/1996,2,60.8000
"Jack's New England Clam Chowder",7.7000,07/1996,10,77.0000
"Sir Rodney's Scones",8.0000,07/1996,10,80.0000
"Chartreuse verte",14.4000,07/1996,6,86.4000
"Singaporean Hokkien Fried Mee",9.8000,07/1996,10,98.0000
"Guaran Fantstica",3.6000,07/1996,28,100.8000
"Gustaf's Knckebrd",16.8000,07/1996,6,100.8000
"Mozzarella di Giovanni",27.8000,07/1996,4,111.2000
Geitost,2.0000,07/1996,60,120.0000
"Jack's New England Clam Chowder",7.7000,07/1996,16,123.2000
"Original Frankfurter grne Soe",10.4000,07/1996,12,124.8000
"Mascarpone Fabioli",25.6000,07/1996,6,153.6000
"Original Frankfurter grne Soe",10.4000,07/1996,15,156.0000
"Sir Rodney's Scones",8.0000,07/1996,20,160.0000
Tofu,18.6000,07/1996,9,167.4000
"Queso Cabrales",14.0000,07/1996,12,168.0000
"Longlife Tofu",8.0000,07/1996,21,168.0000
"Mozzarella di Giovanni",34.8000,07/1996,5,174.0000
"Jack's New England Clam Chowder",7.7000,07/1996,25,192.5000
"Gorgonzola Telino",10.0000,07/1996,20,200.0000
"Chef Anton's Gumbo Mix",17.0000,07/1996,12,204.0000
Lakkalikri,14.4000,07/1996,15,216.0000
"Ravioli Angelo",15.6000,07/1996,15,234.0000
"Outback Lager",12.0000,07/1996,20,240.0000
"Outback Lager",12.0000,07/1996,21,252.0000
"Longlife Tofu",8.0000,07/1996,36,288.0000
"Steeleye Stout",14.4000,07/1996,20,288.0000
Chang,15.2000,07/1996,20,304.0000
"Uncle Bob's Organic Dried Pears",24.0000,07/1996,15,360.0000
"Queso Manchego La Pastora",30.4000,07/1996,12,364.8000
"Inlagd Sill",15.2000,07/1996,25,380.0000
"Perth Pasties",26.2000,07/1996,15,393.0000
"Pt chinois",19.2000,07/1996,21,403.2000
Pavlova,13.9000,07/1996,35,486.5000
Chang,15.2000,07/1996,35,532.0000
"Mozzarella di Giovanni",27.8000,07/1996,20,556.0000
"Louisiana Fiery Hot Pepper Sauce",16.8000,07/1996,35,588.0000
"Tarte au sucre",39.4000,07/1996,15,591.0000
"Chartreuse verte",14.4000,07/1996,42,604.8000
Maxilaku,16.0000,07/1996,40,640.0000
"Boston Crab Meat",14.7000,07/1996,50,735.0000
Chang,15.2000,07/1996,50,760.0000
"Ravioli Angelo",15.6000,07/1996,50,780.0000
Pavlova,13.9000,07/1996,60,834.0000
"Schoggi Schokolade",35.1000,07/1996,25,877.5000
"Alice Mutton",31.2000,07/1996,30,936.0000
"Thringer Rostbratwurst",99.0000,07/1996,10,990.0000
"Camembert Pierrot",27.2000,07/1996,40,1088.0000
"Chef Anton's Gumbo Mix",17.0000,07/1996,65,1105.0000
"Nord-Ost Matjeshering",20.7000,07/1996,60,1242.0000
"Raclette Courdavault",44.0000,07/1996,30,1320.0000
"Manjimup Dried Apples",42.4000,07/1996,35,1484.0000
"Manjimup Dried Apples",42.4000,07/1996,40,1696.0000
"Sir Rodney's Marmalade",64.8000,07/1996,40,2592.0000
"Raclette Courdavault",44.0000,07/1996,70,3080.0000
"Filo Mix",7.0000,07/1997,4,28.0000
Tourtire,7.4500,07/1997,4,29.8000
Geitost,2.5000,07/1997,14,35.0000
Konbu,6.0000,07/1997,8,48.0000
Chai,18.0000,07/1997,3,54.0000
"Sir Rodney's Scones",10.0000,07/1997,6,60.0000
"Original Frankfurter grne Soe",13.0000,07/1997,5,65.0000
Lakkalikri,18.0000,07/1997,4,72.0000
"Steeleye Stout",18.0000,07/1997,4,72.0000
Chocolade,12.7500,07/1997,6,76.5000
"Sir Rodney's Scones",10.0000,07/1997,8,80.0000
"Chartreuse verte",18.0000,07/1997,5,90.0000
Chai,18.0000,07/1997,6,108.0000
"Pt chinois",24.0000,07/1997,5,120.0000
"Aniseed Syrup",10.0000,07/1997,14,140.0000
"Zaanse koeken",9.5000,07/1997,15,142.5000
"Gumbr Gummibrchen",31.2300,07/1997,5,156.1500
"Guaran Fantstica",4.5000,07/1997,35,157.5000
"Filo Mix",7.0000,07/1997,24,168.0000
Lakkalikri,18.0000,07/1997,10,180.0000
"Gumbr Gummibrchen",31.2300,07/1997,6,187.3800
Chang,19.0000,07/1997,10,190.0000
"Gnocchi di nonna Alice",38.0000,07/1997,5,190.0000
Flotemysost,21.5000,07/1997,9,193.5000
"Outback Lager",15.0000,07/1997,15,225.0000
"Rhnbru Klosterbier",7.7500,07/1997,30,232.5000
"Louisiana Fiery Hot Pepper Sauce",21.0500,07/1997,12,252.6000
"Original Frankfurter grne Soe",13.0000,07/1997,20,260.0000
"Queso Cabrales",21.0000,07/1997,14,294.0000
"Uncle Bob's Organic Dried Pears",30.0000,07/1997,10,300.0000
Ikura,31.0000,07/1997,10,310.0000
"Rhnbru Klosterbier",7.7500,07/1997,40,310.0000
Flotemysost,21.5000,07/1997,15,322.5000
Flotemysost,21.5000,07/1997,15,322.5000
Chai,18.0000,07/1997,20,360.0000
Konbu,6.0000,07/1997,60,360.0000
Maxilaku,20.0000,07/1997,18,360.0000
"Steeleye Stout",18.0000,07/1997,20,360.0000
Tourtire,7.4500,07/1997,50,372.5000
"Genen Shouyu",15.5000,07/1997,25,387.5000
"Ravioli Angelo",19.5000,07/1997,20,390.0000
"Escargots de Bourgogne",13.2500,07/1997,30,397.5000
"Inlagd Sill",19.0000,07/1997,21,399.0000
"Mozzarella di Giovanni",34.8000,07/1997,12,417.6000
"Chef Anton's Cajun Seasoning",22.0000,07/1997,20,440.0000
"Rd Kaviar",15.0000,07/1997,30,450.0000
"Pt chinois",24.0000,07/1997,20,480.0000
"Tarte au sucre",49.3000,07/1997,10,493.0000
"Tarte au sucre",49.3000,07/1997,10,493.0000
Maxilaku,20.0000,07/1997,25,500.0000
"Camembert Pierrot",34.0000,07/1997,15,510.0000
Pavlova,17.4500,07/1997,30,523.5000
"Gnocchi di nonna Alice",38.0000,07/1997,14,532.0000
"Steeleye Stout",18.0000,07/1997,30,540.0000
Gudbrandsdalsost,36.0000,07/1997,20,720.0000
"Boston Crab Meat",18.4000,07/1997,42,772.8000
"Original Frankfurter grne Soe",13.0000,07/1997,60,780.0000
"Gustaf's Knckebrd",21.0000,07/1997,48,1008.0000
"Inlagd Sill",19.0000,07/1997,55,1045.0000
Vegie-spread,43.9000,07/1997,24,1053.6000
"Gnocchi di nonna Alice",38.0000,07/1997,28,1064.0000
"Raclette Courdavault",55.0000,07/1997,20,1100.0000
"Uncle Bob's Organic Dried Pears",30.0000,07/1997,45,1350.0000
"Camembert Pierrot",34.0000,07/1997,40,1360.0000
"Singaporean Hokkien Fried Mee",14.0000,07/1997,100,1400.0000
Lakkalikri,18.0000,07/1997,80,1440.0000
"Raclette Courdavault",55.0000,07/1997,30,1650.0000
"Sir Rodney's Marmalade",81.0000,07/1997,21,1701.0000
"Raclette Courdavault",55.0000,07/1997,35,1925.0000
Ikura,31.0000,07/1997,70,2170.0000
"Schoggi Schokolade",43.9000,07/1997,50,2195.0000
Gudbrandsdalsost,36.0000,07/1997,65,2340.0000
"Camembert Pierrot",34.0000,07/1997,70,2380.0000
"Carnarvon Tigers",62.5000,07/1997,40,2500.0000
"Sirop d'rable",28.5000,07/1997,120,3420.0000
"Alice Mutton",39.0000,07/1997,100,3900.0000
"Cte de Blaye",263.5000,07/1997,15,3952.5000
"Teatime Chocolate Biscuits",7.3000,08/1996,1,7.3000
"Scottish Longbreads",10.0000,08/1996,3,30.0000
"Ravioli Angelo",15.6000,08/1996,2,31.2000
"Guaran Fantstica",3.6000,08/1996,10,36.0000
"Rhnbru Klosterbier",6.2000,08/1996,6,37.2000
"Rhnbru Klosterbier",6.2000,08/1996,6,37.2000
Geitost,2.0000,08/1996,20,40.0000
"Guaran Fantstica",3.6000,08/1996,12,43.2000
Konbu,4.8000,08/1996,10,48.0000
Geitost,2.0000,08/1996,24,48.0000
"Laughing Lumberjack Lager",11.2000,08/1996,5,56.0000
"Steeleye Stout",14.4000,08/1996,4,57.6000
Tourtire,5.9000,08/1996,10,59.0000
"Guaran Fantstica",3.6000,08/1996,18,64.8000
"Mozzarella di Giovanni",27.8000,08/1996,3,83.4000
"Manjimup Dried Apples",42.4000,08/1996,2,84.8000
Konbu,4.8000,08/1996,20,96.0000
"Original Frankfurter grne Soe",10.4000,08/1996,10,104.0000
"Nord-Ost Matjeshering",20.7000,08/1996,6,124.2000
"Teatime Chocolate Biscuits",7.3000,08/1996,18,131.4000
Spegesild,9.6000,08/1996,15,144.0000
"Gorgonzola Telino",10.0000,08/1996,15,150.0000
Vegie-spread,35.1000,08/1996,5,175.5000
"Rhnbru Klosterbier",6.2000,08/1996,30,186.0000
"Mozzarella di Giovanni",27.8000,08/1996,7,194.6000
"Sasquatch Ale",11.2000,08/1996,20,224.0000
"Wimmers gute Semmelkndel",26.6000,08/1996,9,239.4000
"Aniseed Syrup",8.0000,08/1996,30,240.0000
Maxilaku,16.0000,08/1996,15,240.0000
"Gula Malacca",15.5000,08/1996,16,248.0000
"Genen Shouyu",12.4000,08/1996,20,248.0000
Chai,14.4000,08/1996,18,259.2000
"Raclette Courdavault",44.0000,08/1996,6,264.0000
Vegie-spread,35.1000,08/1996,8,280.8000
"Rd Kaviar",12.0000,08/1996,25,300.0000
"Gula Malacca",15.5000,08/1996,21,325.5000
"Chef Anton's Gumbo Mix",17.0000,08/1996,20,340.0000
Flotemysost,17.2000,08/1996,20,344.0000
Ikura,24.8000,08/1996,15,372.0000
"Gula Malacca",15.5000,08/1996,24,372.0000
"Pt chinois",19.2000,08/1996,20,384.0000
"Sir Rodney's Marmalade",64.8000,08/1996,6,388.8000
"Gorgonzola Telino",10.0000,08/1996,40,400.0000
"Inlagd Sill",15.2000,08/1996,30,456.0000
"Alice Mutton",31.2000,08/1996,15,468.0000
"Alice Mutton",31.2000,08/1996,15,468.0000
"Tarte au sucre",39.4000,08/1996,12,472.8000
Lakkalikri,14.4000,08/1996,33,475.2000
"Schoggi Schokolade",35.1000,08/1996,15,526.5000
"Camembert Pierrot",27.2000,08/1996,20,544.0000
"Ipoh Coffee",36.8000,08/1996,15,552.0000
Pavlova,13.9000,08/1996,40,556.0000
"Camembert Pierrot",27.2000,08/1996,21,571.2000
"Boston Crab Meat",14.7000,08/1996,40,588.0000
Ikura,24.8000,08/1996,24,595.2000
"Carnarvon Tigers",50.0000,08/1996,12,600.0000
Chai,14.4000,08/1996,45,648.0000
"Raclette Courdavault",44.0000,08/1996,15,660.0000
"Mozzarella di Giovanni",27.8000,08/1996,24,667.2000
"Rssle Sauerkraut",36.4000,08/1996,20,728.0000
"Boston Crab Meat",14.7000,08/1996,60,882.0000
"Ipoh Coffee",36.8000,08/1996,25,920.0000
"Perth Pasties",26.2000,08/1996,36,943.2000
"Camembert Pierrot",27.2000,08/1996,35,952.0000
"Sir Rodney's Marmalade",64.8000,08/1996,20,1296.0000
"Steeleye Stout",14.4000,08/1996,100,1440.0000
"Thringer Rostbratwurst",99.0000,08/1996,15,1485.0000
"Tarte au sucre",39.4000,08/1996,40,1576.0000
"Guaran Fantstica",4.5000,08/1997,3,13.5000
"Rhnbru Klosterbier",7.7500,08/1997,2,15.5000
"Guaran Fantstica",4.5000,08/1997,5,22.5000
"Filo Mix",7.0000,08/1997,5,35.0000
"Teatime Chocolate Biscuits",9.2000,08/1997,5,46.0000
Geitost,2.5000,08/1997,20,50.0000
"Rhnbru Klosterbier",7.7500,08/1997,8,62.0000
"Guaran Fantstica",4.5000,08/1997,15,67.5000
Tofu,23.2500,08/1997,3,69.7500
"Singaporean Hokkien Fried Mee",14.0000,08/1997,5,70.0000
Konbu,6.0000,08/1997,13,78.0000
"Escargots de Bourgogne",13.2500,08/1997,6,79.5000
Tunnbrd,9.0000,08/1997,10,90.0000
"Teatime Chocolate Biscuits",9.2000,08/1997,15,138.0000
"Scottish Longbreads",12.5000,08/1997,15,187.5000
"Rogede sild",9.5000,08/1997,20,190.0000
"Gula Malacca",19.4500,08/1997,10,194.5000
"Queso Cabrales",21.0000,08/1997,10,210.0000
"Chef Anton's Cajun Seasoning",22.0000,08/1997,10,220.0000
Tourtire,7.4500,08/1997,30,223.5000
"Outback Lager",15.0000,08/1997,15,225.0000
"Scottish Longbreads",12.5000,08/1997,18,225.0000
"Sir Rodney's Scones",10.0000,08/1997,25,250.0000
"Carnarvon Tigers",62.5000,08/1997,4,250.0000
Chai,18.0000,08/1997,15,270.0000
"Teatime Chocolate Biscuits",9.2000,08/1997,30,276.0000
Spegesild,12.0000,08/1997,23,276.0000
"Inlagd Sill",19.0000,08/1997,15,285.0000
"Pt chinois",24.0000,08/1997,12,288.0000
"Wimmers gute Semmelkndel",33.2500,08/1997,9,299.2500
"Outback Lager",15.0000,08/1997,20,300.0000
"Sir Rodney's Scones",10.0000,08/1997,30,300.0000
"Gustaf's Knckebrd",21.0000,08/1997,15,315.0000
"Chef Anton's Gumbo Mix",21.3500,08/1997,15,320.2500
Flotemysost,21.5000,08/1997,15,322.5000
"Camembert Pierrot",34.0000,08/1997,10,340.0000
"Chartreuse verte",18.0000,08/1997,20,360.0000
"Chartreuse verte",18.0000,08/1997,21,378.0000
Chang,19.0000,08/1997,20,380.0000
"Perth Pasties",32.8000,08/1997,12,393.6000
"Valkoinen suklaa",16.2500,08/1997,25,406.2500
"Sir Rodney's Scones",10.0000,08/1997,42,420.0000
Flotemysost,21.5000,08/1997,20,430.0000
"Louisiana Fiery Hot Pepper Sauce",21.0500,08/1997,21,442.0500
Chai,18.0000,08/1997,25,450.0000
"Original Frankfurter grne Soe",13.0000,08/1997,35,455.0000
"Rssle Sauerkraut",45.6000,08/1997,10,456.0000
Tofu,23.2500,08/1997,21,488.2500
"Carnarvon Tigers",62.5000,08/1997,8,500.0000
"Mozzarella di Giovanni",34.8000,08/1997,15,522.0000
"Rd Kaviar",15.0000,08/1997,35,525.0000
"Steeleye Stout",18.0000,08/1997,30,540.0000
"Chef Anton's Cajun Seasoning",22.0000,08/1997,25,550.0000
Ikura,31.0000,08/1997,18,558.0000
Chang,19.0000,08/1997,30,570.0000
"Sirop d'rable",28.5000,08/1997,20,570.0000
Lakkalikri,18.0000,08/1997,35,630.0000
Flotemysost,21.5000,08/1997,30,645.0000
"Camembert Pierrot",34.0000,08/1997,20,680.0000
"Rssle Sauerkraut",45.6000,08/1997,15,684.0000
Gudbrandsdalsost,36.0000,08/1997,20,720.0000
"Tarte au sucre",49.3000,08/1997,15,739.5000
"Thringer Rostbratwurst",123.7900,08/1997,6,742.7400
"Gnocchi di nonna Alice",38.0000,08/1997,20,760.0000
"Nord-Ost Matjeshering",25.8900,08/1997,30,776.7000
"Manjimup Dried Apples",53.0000,08/1997,15,795.0000
"Perth Pasties",32.8000,08/1997,25,820.0000
"Gustaf's Knckebrd",21.0000,08/1997,40,840.0000
"Gustaf's Knckebrd",21.0000,08/1997,40,840.0000
"Rssle Sauerkraut",45.6000,08/1997,20,912.0000
"Ipoh Coffee",46.0000,08/1997,20,920.0000
Chang,19.0000,08/1997,50,950.0000
"Uncle Bob's Organic Dried Pears",30.0000,08/1997,35,1050.0000
"Gumbr Gummibrchen",31.2300,08/1997,35,1093.0500
"Boston Crab Meat",18.4000,08/1997,60,1104.0000
"Carnarvon Tigers",62.5000,08/1997,20,1250.0000
"Queso Manchego La Pastora",38.0000,08/1997,36,1368.0000
"Grandma's Boysenberry Spread",25.0000,08/1997,70,1750.0000
"Mozzarella di Giovanni",34.8000,08/1997,60,2088.0000
"Gnocchi di nonna Alice",38.0000,08/1997,60,2280.0000
"Thringer Rostbratwurst",123.7900,08/1997,20,2475.8000
"Carnarvon Tigers",62.5000,08/1997,50,3125.0000
"Tarte au sucre",49.3000,08/1997,80,3944.0000
"Singaporean Hokkien Fried Mee",11.2000,09/1996,2,22.4000
Gudbrandsdalsost,28.8000,09/1996,1,28.8000
Tourtire,5.9000,09/1996,5,29.5000
"Scottish Longbreads",10.0000,09/1996,3,30.0000
Flotemysost,17.2000,09/1996,2,34.4000
Flotemysost,17.2000,09/1996,3,51.6000
"Outback Lager",12.0000,09/1996,5,60.0000
"Rhnbru Klosterbier",6.2000,09/1996,10,62.0000
"Singaporean Hokkien Fried Mee",11.2000,09/1996,6,67.2000
"Jack's New England Clam Chowder",7.7000,09/1996,10,77.0000
"Teatime Chocolate Biscuits",7.3000,09/1996,15,109.5000
"Gnocchi di nonna Alice",30.4000,09/1996,4,121.6000
Pavlova,13.9000,09/1996,10,139.0000
"Rssle Sauerkraut",36.4000,09/1996,4,145.6000
"Boston Crab Meat",14.7000,09/1996,10,147.0000
"Scottish Longbreads",10.0000,09/1996,15,150.0000
"Sasquatch Ale",11.2000,09/1996,14,156.8000
"Inlagd Sill",15.2000,09/1996,12,182.4000
"Tarte au sucre",39.4000,09/1996,5,197.0000
"Scottish Longbreads",10.0000,09/1996,20,200.0000
"Queso Cabrales",16.8000,09/1996,12,201.6000
Gudbrandsdalsost,28.8000,09/1996,7,201.6000
"Nord-Ost Matjeshering",20.7000,09/1996,10,207.0000
"Outback Lager",12.0000,09/1996,20,240.0000
"Perth Pasties",26.2000,09/1996,10,262.0000
Chai,14.4000,09/1996,20,288.0000
"Escargots de Bourgogne",10.6000,09/1996,30,318.0000
"Chef Anton's Cajun Seasoning",17.6000,09/1996,20,352.0000
"Outback Lager",12.0000,09/1996,30,360.0000
"Tarte au sucre",39.4000,09/1996,10,394.0000
"Louisiana Hot Spiced Okra",13.6000,09/1996,30,408.0000
Pavlova,13.9000,09/1996,30,417.0000
Gudbrandsdalsost,28.8000,09/1996,15,432.0000
"Chartreuse verte",14.4000,09/1996,30,432.0000
"Raclette Courdavault",44.0000,09/1996,10,440.0000
"Ipoh Coffee",36.8000,09/1996,12,441.6000
Maxilaku,16.0000,09/1996,30,480.0000
"Louisiana Fiery Hot Pepper Sauce",16.8000,09/1996,30,504.0000
"Perth Pasties",26.2000,09/1996,20,524.0000
"Mozzarella di Giovanni",27.8000,09/1996,20,556.0000
"Boston Crab Meat",14.7000,09/1996,40,588.0000
"Tarte au sucre",39.4000,09/1996,15,591.0000
"Grandma's Boysenberry Spread",20.0000,09/1996,30,600.0000
Chang,15.2000,09/1996,40,608.0000
"Gnocchi di nonna Alice",30.4000,09/1996,20,608.0000
"Inlagd Sill",15.2000,09/1996,40,608.0000
"Ipoh Coffee",36.8000,09/1996,20,736.0000
"Chartreuse verte",14.4000,09/1996,60,864.0000
"Ipoh Coffee",36.8000,09/1996,24,883.2000
"Tarte au sucre",39.4000,09/1996,25,985.0000
"Rssle Sauerkraut",36.4000,09/1996,28,1019.2000
"Mascarpone Fabioli",25.6000,09/1996,40,1024.0000
"Alice Mutton",31.2000,09/1996,40,1248.0000
"Carnarvon Tigers",50.0000,09/1996,25,1250.0000
"Raclette Courdavault",44.0000,09/1996,30,1320.0000
"Thringer Rostbratwurst",99.0000,09/1996,25,2475.0000
"Tarte au sucre",39.4000,09/1996,70,2758.0000
Geitost,2.5000,09/1997,8,20.0000
"Jack's New England Clam Chowder",9.6500,09/1997,4,38.6000
Tourtire,7.4500,09/1997,6,44.7000
Tunnbrd,9.0000,09/1997,5,45.0000
"Nord-Ost Matjeshering",25.8900,09/1997,2,51.7800
Pavlova,17.4500,09/1997,3,52.3500
"Chartreuse verte",18.0000,09/1997,3,54.0000
"Raclette Courdavault",55.0000,09/1997,1,55.0000
Ikura,31.0000,09/1997,2,62.0000
"Filo Mix",7.0000,09/1997,9,63.0000
"Teatime Chocolate Biscuits",9.2000,09/1997,7,64.4000
"Louisiana Hot Spiced Okra",17.0000,09/1997,4,68.0000
Tofu,23.2500,09/1997,3,69.7500
Geitost,2.5000,09/1997,30,75.0000
Geitost,2.5000,09/1997,30,75.0000
"Singaporean Hokkien Fried Mee",14.0000,09/1997,6,84.0000
"Pt chinois",24.0000,09/1997,4,96.0000
"Gorgonzola Telino",12.5000,09/1997,8,100.0000
"Teatime Chocolate Biscuits",9.2000,09/1997,12,110.4000
"Inlagd Sill",19.0000,09/1997,6,114.0000
"Sir Rodney's Scones",10.0000,09/1997,12,120.0000
"Scottish Longbreads",12.5000,09/1997,10,125.0000
"Zaanse koeken",9.5000,09/1997,15,142.5000
"Zaanse koeken",9.5000,09/1997,16,152.0000
Pavlova,17.4500,09/1997,10,174.5000
Lakkalikri,18.0000,09/1997,10,180.0000
"Jack's New England Clam Chowder",9.6500,09/1997,20,193.0000
"Rhnbru Klosterbier",7.7500,09/1997,25,193.7500
"Louisiana Fiery Hot Pepper Sauce",21.0500,09/1997,10,210.5000
Tourtire,7.4500,09/1997,30,223.5000
"Jack's New England Clam Chowder",9.6500,09/1997,24,231.6000
"Rhnbru Klosterbier",7.7500,09/1997,30,232.5000
"Gorgonzola Telino",12.5000,09/1997,20,250.0000
"Gorgonzola Telino",12.5000,09/1997,20,250.0000
"Louisiana Fiery Hot Pepper Sauce",21.0500,09/1997,12,252.6000
Flotemysost,21.5000,09/1997,12,258.0000
"Chef Anton's Cajun Seasoning",22.0000,09/1997,12,264.0000
"Ipoh Coffee",46.0000,09/1997,6,276.0000
"Teatime Chocolate Biscuits",9.2000,09/1997,30,276.0000
"Singaporean Hokkien Fried Mee",14.0000,09/1997,20,280.0000
Tunnbrd,9.0000,09/1997,32,288.0000
Flotemysost,21.5000,09/1997,14,301.0000
"Louisiana Fiery Hot Pepper Sauce",21.0500,09/1997,15,315.7500
"Perth Pasties",32.8000,09/1997,10,328.0000
"Laughing Lumberjack Lager",14.0000,09/1997,25,350.0000
"Chartreuse verte",18.0000,09/1997,20,360.0000
"Boston Crab Meat",18.4000,09/1997,20,368.0000
"Zaanse koeken",9.5000,09/1997,40,380.0000
"Escargots de Bourgogne",13.2500,09/1997,30,397.5000
"Gula Malacca",19.4500,09/1997,21,408.4500
"Gustaf's Knckebrd",21.0000,09/1997,20,420.0000
"Singaporean Hokkien Fried Mee",14.0000,09/1997,30,420.0000
"Gnocchi di nonna Alice",38.0000,09/1997,12,456.0000
"Gumbr Gummibrchen",31.2300,09/1997,15,468.4500
"Tarte au sucre",49.3000,09/1997,10,493.0000
"Wimmers gute Semmelkndel",33.2500,09/1997,15,498.7500
Pavlova,17.4500,09/1997,30,523.5000
Spegesild,12.0000,09/1997,45,540.0000
"Gula Malacca",19.4500,09/1997,28,544.6000
"Boston Crab Meat",18.4000,09/1997,30,552.0000
"Singaporean Hokkien Fried Mee",14.0000,09/1997,40,560.0000
"Inlagd Sill",19.0000,09/1997,30,570.0000
"Sir Rodney's Scones",10.0000,09/1997,60,600.0000
"Outback Lager",15.0000,09/1997,40,600.0000
Ikura,31.0000,09/1997,20,620.0000
"Escargots de Bourgogne",13.2500,09/1997,49,649.2500
"Raclette Courdavault",55.0000,09/1997,12,660.0000
"Camembert Pierrot",34.0000,09/1997,20,680.0000
Tofu,23.2500,09/1997,30,697.5000
Spegesild,12.0000,09/1997,60,720.0000
Ikura,31.0000,09/1997,24,744.0000
"Rd Kaviar",15.0000,09/1997,50,750.0000
"Genen Shouyu",15.5000,09/1997,50,775.0000
Pavlova,17.4500,09/1997,50,872.5000
"Original Frankfurter grne Soe",13.0000,09/1997,70,910.0000
"Wimmers gute Semmelkndel",33.2500,09/1997,28,931.0000
"Gumbr Gummibrchen",31.2300,09/1997,30,936.9000
"Camembert Pierrot",34.0000,09/1997,30,1020.0000
"Camembert Pierrot",34.0000,09/1997,30,1020.0000
"Manjimup Dried Apples",53.0000,09/1997,20,1060.0000
"Manjimup Dried Apples",53.0000,09/1997,20,1060.0000
"Jack's New England Clam Chowder",9.6500,09/1997,120,1158.0000
"Alice Mutton",39.0000,09/1997,30,1170.0000
"Thringer Rostbratwurst",123.7900,09/1997,10,1237.9000
Gudbrandsdalsost,36.0000,09/1997,45,1620.0000
"Sir Rodney's Marmalade",81.0000,09/1997,21,1701.0000
"Gnocchi di nonna Alice",38.0000,09/1997,45,1710.0000
"Boston Crab Meat",18.4000,09/1997,94,1729.6000
"Camembert Pierrot",34.0000,09/1997,55,1870.0000
"Queso Manchego La Pastora",38.0000,09/1997,100,3800.0000
"Cte de Blaye",263.5000,09/1997,15,3952.5000
"Thringer Rostbratwurst",123.7900,09/1997,36,4456.4400
"Mishi Kobe Niku",97.0000,09/1997,50,4850.0000
Geitost,2.0000,10/1996,8,16.0000
"Scottish Longbreads",10.0000,10/1996,4,40.0000
"Gorgonzola Telino",10.0000,10/1996,4,40.0000
"NuNuCa Nu-Nougat-Creme",11.2000,10/1996,4,44.8000
"Filo Mix",5.6000,10/1996,8,44.8000
Konbu,4.8000,10/1996,12,57.6000
"Chartreuse verte",14.4000,10/1996,4,57.6000
"Genen Shouyu",12.4000,10/1996,5,62.0000
"Teatime Chocolate Biscuits",7.3000,10/1996,10,73.0000
"Sir Rodney's Scones",8.0000,10/1996,10,80.0000
Lakkalikri,14.4000,10/1996,6,86.4000
Tourtire,5.9000,10/1996,15,88.5000
"Jack's New England Clam Chowder",7.7000,10/1996,12,92.4000
"Scottish Longbreads",10.0000,10/1996,10,100.0000
"Scottish Longbreads",10.0000,10/1996,10,100.0000
Chang,15.2000,10/1996,7,106.4000
"Filo Mix",5.6000,10/1996,20,112.0000
"Singaporean Hokkien Fried Mee",11.2000,10/1996,10,112.0000
"Grandma's Boysenberry Spread",20.0000,10/1996,6,120.0000
"Zaanse koeken",7.6000,10/1996,16,121.6000
"Steeleye Stout",14.4000,10/1996,10,144.0000
"Mascarpone Fabioli",25.6000,10/1996,6,153.6000
"Jack's New England Clam Chowder",7.7000,10/1996,20,154.0000
"Nord-Ost Matjeshering",20.7000,10/1996,8,165.6000
Tofu,18.6000,10/1996,9,167.4000
"Chef Anton's Cajun Seasoning",17.6000,10/1996,10,176.0000
Tofu,18.6000,10/1996,10,186.0000
Lakkalikri,14.4000,10/1996,15,216.0000
"Alice Mutton",31.2000,10/1996,8,249.6000
"Ravioli Angelo",15.6000,10/1996,16,249.6000
"Gorgonzola Telino",10.0000,10/1996,25,250.0000
Spegesild,9.6000,10/1996,30,288.0000
Tunnbrd,7.2000,10/1996,40,288.0000
Pavlova,13.9000,10/1996,21,291.9000
"Inlagd Sill",15.2000,10/1996,20,304.0000
"Rhnbru Klosterbier",6.2000,10/1996,50,310.0000
"Nord-Ost Matjeshering",20.7000,10/1996,15,310.5000
"Chef Anton's Cajun Seasoning",17.6000,10/1996,18,316.8000
"Escargots de Bourgogne",10.6000,10/1996,30,318.0000
"Gnocchi di nonna Alice",30.4000,10/1996,12,364.8000
Chang,15.2000,10/1996,24,364.8000
Chang,15.2000,10/1996,25,380.0000
"Raclette Courdavault",44.0000,10/1996,9,396.0000
"Raclette Courdavault",44.0000,10/1996,9,396.0000
"Chef Anton's Cajun Seasoning",17.6000,10/1996,24,422.4000
Lakkalikri,14.4000,10/1996,30,432.0000
"Rssle Sauerkraut",36.4000,10/1996,14,509.6000
Flotemysost,17.2000,10/1996,30,516.0000
"Gorgonzola Telino",10.0000,10/1996,56,560.0000
"Gravad lax",20.8000,10/1996,28,582.4000
"Gumbr Gummibrchen",24.9000,10/1996,24,597.6000
"Inlagd Sill",15.2000,10/1996,40,608.0000
"Alice Mutton",31.2000,10/1996,20,624.0000
"Louisiana Fiery Hot Pepper Sauce",16.8000,10/1996,40,672.0000
Flotemysost,17.2000,10/1996,40,688.0000
"Mozzarella di Giovanni",27.8000,10/1996,25,695.0000
"Mozzarella di Giovanni",27.8000,10/1996,25,695.0000
"Nord-Ost Matjeshering",20.7000,10/1996,35,724.5000
"Pt chinois",19.2000,10/1996,40,768.0000
"Queso Cabrales",16.8000,10/1996,50,840.0000
"Carnarvon Tigers",50.0000,10/1996,20,1000.0000
"Steeleye Stout",14.4000,10/1996,70,1008.0000
"Tarte au sucre",39.4000,10/1996,28,1103.2000
"Mozzarella di Giovanni",27.8000,10/1996,40,1112.0000
"Gumbr Gummibrchen",24.9000,10/1996,50,1245.0000
"Wimmers gute Semmelkndel",26.6000,10/1996,50,1330.0000
"Ipoh Coffee",36.8000,10/1996,40,1472.0000
"Raclette Courdavault",44.0000,10/1996,40,1760.0000
"Carnarvon Tigers",50.0000,10/1996,40,2000.0000
"Manjimup Dried Apples",42.4000,10/1996,48,2035.2000
"Alice Mutton",31.2000,10/1996,70,2184.0000
Vegie-spread,35.1000,10/1996,80,2808.0000
"Cte de Blaye",210.8000,10/1996,20,4216.0000
"Filo Mix",7.0000,10/1997,4,28.0000
"Teatime Chocolate Biscuits",9.2000,10/1997,5,46.0000
"Zaanse koeken",9.5000,10/1997,5,47.5000
Chang,19.0000,10/1997,3,57.0000
"Aniseed Syrup",10.0000,10/1997,6,60.0000
"Teatime Chocolate Biscuits",9.2000,10/1997,7,64.4000
"Nord-Ost Matjeshering",25.8900,10/1997,3,77.6700
"Chef Anton's Gumbo Mix",21.3500,10/1997,4,85.4000
"Guaran Fantstica",4.5000,10/1997,20,90.0000
Chai,18.0000,10/1997,5,90.0000
Chang,19.0000,10/1997,5,95.0000
"Inlagd Sill",19.0000,10/1997,5,95.0000
"Teatime Chocolate Biscuits",9.2000,10/1997,12,110.4000
Tourtire,7.4500,10/1997,15,111.7500
"Zaanse koeken",9.5000,10/1997,12,114.0000
"Jack's New England Clam Chowder",9.6500,10/1997,12,115.8000
"Outback Lager",15.0000,10/1997,8,120.0000
"Mascarpone Fabioli",32.0000,10/1997,4,128.0000
"Chef Anton's Cajun Seasoning",22.0000,10/1997,6,132.0000
"Sirop d'rable",28.5000,10/1997,5,142.5000
"Pt chinois",24.0000,10/1997,6,144.0000
"Queso Manchego La Pastora",38.0000,10/1997,4,152.0000
"Guaran Fantstica",4.5000,10/1997,35,157.5000
"Escargots de Bourgogne",13.2500,10/1997,12,159.0000
"Steeleye Stout",18.0000,10/1997,9,162.0000
"Sasquatch Ale",14.0000,10/1997,12,168.0000
Flotemysost,21.5000,10/1997,8,172.0000
"Sasquatch Ale",14.0000,10/1997,14,196.0000
Spegesild,12.0000,10/1997,18,216.0000
"Rd Kaviar",15.0000,10/1997,15,225.0000
"Gorgonzola Telino",12.5000,10/1997,20,250.0000
"Sirop d'rable",28.5000,10/1997,10,285.0000
Spegesild,12.0000,10/1997,24,288.0000
Tourtire,7.4500,10/1997,40,298.0000
Chocolade,12.7500,10/1997,24,306.0000
"Alice Mutton",39.0000,10/1997,8,312.0000
"Queso Cabrales",21.0000,10/1997,15,315.0000
"Rhnbru Klosterbier",7.7500,10/1997,42,325.5000
"Camembert Pierrot",34.0000,10/1997,10,340.0000
Pavlova,17.4500,10/1997,20,349.0000
Pavlova,17.4500,10/1997,20,349.0000
"Sir Rodney's Scones",10.0000,10/1997,37,370.0000
"Manjimup Dried Apples",53.0000,10/1997,7,371.0000
"Steeleye Stout",18.0000,10/1997,21,378.0000
"Original Frankfurter grne Soe",13.0000,10/1997,30,390.0000
"Escargots de Bourgogne",13.2500,10/1997,30,397.5000
"Northwoods Cranberry Sauce",40.0000,10/1997,10,400.0000
"Jack's New England Clam Chowder",9.6500,10/1997,42,405.3000
"Outback Lager",15.0000,10/1997,28,420.0000
Flotemysost,21.5000,10/1997,20,430.0000
"Raclette Courdavault",55.0000,10/1997,8,440.0000
Tourtire,7.4500,10/1997,60,447.0000
"Outback Lager",15.0000,10/1997,30,450.0000
"Gula Malacca",19.4500,10/1997,24,466.8000
"Gumbr Gummibrchen",31.2300,10/1997,15,468.4500
"Zaanse koeken",9.5000,10/1997,50,475.0000
Ikura,31.0000,10/1997,16,496.0000
"Scottish Longbreads",12.5000,10/1997,40,500.0000
"Pt chinois",24.0000,10/1997,21,504.0000
"Rd Kaviar",15.0000,10/1997,35,525.0000
Chai,18.0000,10/1997,30,540.0000
Ikura,31.0000,10/1997,18,558.0000
Ikura,31.0000,10/1997,18,558.0000
"Scottish Longbreads",12.5000,10/1997,45,562.5000
Chang,19.0000,10/1997,30,570.0000
"Mishi Kobe Niku",97.0000,10/1997,6,582.0000
"Gorgonzola Telino",12.5000,10/1997,50,625.0000
Chai,18.0000,10/1997,35,630.0000
Flotemysost,21.5000,10/1997,30,645.0000
Ikura,31.0000,10/1997,21,651.0000
"Gnocchi di nonna Alice",38.0000,10/1997,18,684.0000
"Carnarvon Tigers",62.5000,10/1997,12,750.0000
"Outback Lager",15.0000,10/1997,50,750.0000
"Gnocchi di nonna Alice",38.0000,10/1997,20,760.0000
"Inlagd Sill",19.0000,10/1997,40,760.0000
"Alice Mutton",39.0000,10/1997,20,780.0000
"Ravioli Angelo",19.5000,10/1997,40,780.0000
Vegie-spread,43.9000,10/1997,20,878.0000
Lakkalikri,18.0000,10/1997,50,900.0000
Gudbrandsdalsost,36.0000,10/1997,25,900.0000
"Gumbr Gummibrchen",31.2300,10/1997,30,936.9000
"Gula Malacca",19.4500,10/1997,50,972.5000
"Tarte au sucre",49.3000,10/1997,20,986.0000
"Rogede sild",9.5000,10/1997,110,1045.0000
"Alice Mutton",39.0000,10/1997,27,1053.0000
Gudbrandsdalsost,36.0000,10/1997,30,1080.0000
"Ipoh Coffee",46.0000,10/1997,24,1104.0000
"Gnocchi di nonna Alice",38.0000,10/1997,30,1140.0000
Flotemysost,21.5000,10/1997,60,1290.0000
"Queso Manchego La Pastora",38.0000,10/1997,36,1368.0000
"Louisiana Fiery Hot Pepper Sauce",21.0500,10/1997,65,1368.2500
"Raclette Courdavault",55.0000,10/1997,25,1375.0000
"Manjimup Dried Apples",53.0000,10/1997,28,1484.0000
"Thringer Rostbratwurst",123.7900,10/1997,12,1485.4800
"Northwoods Cranberry Sauce",40.0000,10/1997,40,1600.0000
"Ipoh Coffee",46.0000,10/1997,40,1840.0000
"Raclette Courdavault",55.0000,10/1997,35,1925.0000
"Raclette Courdavault",55.0000,10/1997,42,2310.0000
"Tarte au sucre",49.3000,10/1997,48,2366.4000
"Uncle Bob's Organic Dried Pears",30.0000,10/1997,90,2700.0000
"Rssle Sauerkraut",45.6000,10/1997,60,2736.0000
"Perth Pasties",32.8000,10/1997,123,4034.4000
"Thringer Rostbratwurst",123.7900,10/1997,40,4951.6000
"Guaran Fantstica",3.6000,11/1996,10,36.0000
"Guaran Fantstica",3.6000,11/1996,10,36.0000
"Rhnbru Klosterbier",6.2000,11/1996,6,37.2000
"Sir Rodney's Scones",8.0000,11/1996,5,40.0000
"Boston Crab Meat",14.7000,11/1996,4,58.8000
"Rhnbru Klosterbier",6.2000,11/1996,12,74.4000
Flotemysost,17.2000,11/1996,5,86.0000
"Guaran Fantstica",3.6000,11/1996,25,90.0000
"Jack's New England Clam Chowder",7.7000,11/1996,13,100.1000
"Singaporean Hokkien Fried Mee",11.2000,11/1996,9,100.8000
Tourtire,5.9000,11/1996,18,106.2000
"NuNuCa Nu-Nougat-Creme",11.2000,11/1996,10,112.0000
"Sasquatch Ale",11.2000,11/1996,10,112.0000
Tourtire,5.9000,11/1996,20,118.0000
"Original Frankfurter grne Soe",10.4000,11/1996,12,124.8000
Tourtire,5.9000,11/1996,24,141.6000
Tourtire,5.9000,11/1996,24,141.6000
Tourtire,5.9000,11/1996,28,165.2000
"Louisiana Fiery Hot Pepper Sauce",16.8000,11/1996,10,168.0000
Chai,14.4000,11/1996,12,172.8000
Lakkalikri,14.4000,11/1996,12,172.8000
Tunnbrd,7.2000,11/1996,25,180.0000
"Valkoinen suklaa",13.0000,11/1996,15,195.0000
"Gorgonzola Telino",10.0000,11/1996,20,200.0000
"Queso Cabrales",16.8000,11/1996,12,201.6000
Chai,14.4000,11/1996,15,216.0000
"Camembert Pierrot",27.2000,11/1996,8,217.6000
"Pt chinois",19.2000,11/1996,12,230.4000
"Gorgonzola Telino",10.0000,11/1996,30,300.0000
"Inlagd Sill",15.2000,11/1996,20,304.0000
"Louisiana Fiery Hot Pepper Sauce",16.8000,11/1996,20,336.0000
"Ravioli Angelo",15.6000,11/1996,25,390.0000
"Ravioli Angelo",15.6000,11/1996,25,390.0000
"Thringer Rostbratwurst",99.0000,11/1996,4,396.0000
"Gumbr Gummibrchen",24.9000,11/1996,16,398.4000
"Queso Cabrales",16.8000,11/1996,24,403.2000
"Sasquatch Ale",11.2000,11/1996,36,403.2000
"Rssle Sauerkraut",36.4000,11/1996,13,473.2000
Gudbrandsdalsost,28.8000,11/1996,18,518.4000
Maxilaku,16.0000,11/1996,35,560.0000
"NuNuCa Nu-Nougat-Creme",11.2000,11/1996,50,560.0000
Gudbrandsdalsost,28.8000,11/1996,20,576.0000
"Teatime Chocolate Biscuits",7.3000,11/1996,80,584.0000
"Gnocchi di nonna Alice",30.4000,11/1996,20,608.0000
"Chef Anton's Cajun Seasoning",17.6000,11/1996,35,616.0000
"Gorgonzola Telino",10.0000,11/1996,70,700.0000
"Chartreuse verte",14.4000,11/1996,50,720.0000
Ikura,24.8000,11/1996,30,744.0000
"Chartreuse verte",14.4000,11/1996,54,777.6000
Pavlova,13.9000,11/1996,56,778.4000
"Manjimup Dried Apples",42.4000,11/1996,20,848.0000
Gudbrandsdalsost,28.8000,11/1996,30,864.0000
"Wimmers gute Semmelkndel",26.6000,11/1996,35,931.0000
"Rssle Sauerkraut",36.4000,11/1996,30,1092.0000
"Alice Mutton",31.2000,11/1996,36,1123.2000
"Gula Malacca",15.5000,11/1996,77,1193.5000
"Camembert Pierrot",27.2000,11/1996,55,1496.0000
"Cte de Blaye",210.8000,11/1996,10,2108.0000
"Camembert Pierrot",27.2000,11/1996,80,2176.0000
"Northwoods Cranberry Sauce",32.0000,11/1996,70,2240.0000
"Northwoods Cranberry Sauce",32.0000,11/1996,70,2240.0000
"Thringer Rostbratwurst",99.0000,11/1996,35,3465.0000
"Cte de Blaye",210.8000,11/1996,20,4216.0000
"Cte de Blaye",210.8000,11/1996,50,10540.0000
Konbu,6.0000,11/1997,4,24.0000
"Original Frankfurter grne Soe",13.0000,11/1997,2,26.0000
Konbu,6.0000,11/1997,6,36.0000
"Gorgonzola Telino",12.5000,11/1997,3,37.5000
"Rogede sild",9.5000,11/1997,4,38.0000
"Longlife Tofu",10.0000,11/1997,5,50.0000
Pavlova,17.4500,11/1997,3,52.3500
"Boston Crab Meat",18.4000,11/1997,3,55.2000
"Scottish Longbreads",12.5000,11/1997,6,75.0000
"Gorgonzola Telino",12.5000,11/1997,8,100.0000
"Queso Cabrales",21.0000,11/1997,5,105.0000
Gudbrandsdalsost,36.0000,11/1997,3,108.0000
"Boston Crab Meat",18.4000,11/1997,6,110.4000
"Inlagd Sill",19.0000,11/1997,6,114.0000
"Jack's New England Clam Chowder",9.6500,11/1997,12,115.8000
Tofu,23.2500,11/1997,5,116.2500
"Filo Mix",7.0000,11/1997,18,126.0000
Chai,18.0000,11/1997,8,144.0000
"Rhnbru Klosterbier",7.7500,11/1997,20,155.0000
"Filo Mix",7.0000,11/1997,25,175.0000
Lakkalikri,18.0000,11/1997,10,180.0000
"Aniseed Syrup",10.0000,11/1997,20,200.0000
"Louisiana Fiery Hot Pepper Sauce",21.0500,11/1997,10,210.5000
"Rd Kaviar",15.0000,11/1997,15,225.0000
"Rssle Sauerkraut",45.6000,11/1997,5,228.0000
"Mozzarella di Giovanni",34.8000,11/1997,7,243.6000
Pavlova,17.4500,11/1997,15,261.7500
"Ravioli Angelo",19.5000,11/1997,14,273.0000
"Zaanse koeken",9.5000,11/1997,30,285.0000
Chang,19.0000,11/1997,15,285.0000
"Pt chinois",24.0000,11/1997,12,288.0000
"Sir Rodney's Scones",10.0000,11/1997,30,300.0000
"Gula Malacca",19.4500,11/1997,16,311.2000
"Mascarpone Fabioli",32.0000,11/1997,10,320.0000
"Valkoinen suklaa",16.2500,11/1997,20,325.0000
"Raclette Courdavault",55.0000,11/1997,6,330.0000
Spegesild,12.0000,11/1997,28,336.0000
"Jack's New England Clam Chowder",9.6500,11/1997,35,337.7500
Lakkalikri,18.0000,11/1997,20,360.0000
Lakkalikri,18.0000,11/1997,20,360.0000
Tofu,23.2500,11/1997,16,372.0000
"Gumbr Gummibrchen",31.2300,11/1997,12,374.7600
"Rogede sild",9.5000,11/1997,40,380.0000
"Gnocchi di nonna Alice",38.0000,11/1997,10,380.0000
"Inlagd Sill",19.0000,11/1997,20,380.0000
"Rogede sild",9.5000,11/1997,40,380.0000
"Raclette Courdavault",55.0000,11/1997,7,385.0000
"Nord-Ost Matjeshering",25.8900,11/1997,15,388.3500
"Nord-Ost Matjeshering",25.8900,11/1997,15,388.3500
"Singaporean Hokkien Fried Mee",14.0000,11/1997,28,392.0000
Vegie-spread,43.9000,11/1997,9,395.1000
Tunnbrd,9.0000,11/1997,44,396.0000
"Sir Rodney's Scones",10.0000,11/1997,40,400.0000
"Filo Mix",7.0000,11/1997,60,420.0000
"Sasquatch Ale",14.0000,11/1997,30,420.0000
"Tarte au sucre",49.3000,11/1997,9,443.7000
"Camembert Pierrot",34.0000,11/1997,15,510.0000
"Gnocchi di nonna Alice",38.0000,11/1997,14,532.0000
"Chef Anton's Cajun Seasoning",22.0000,11/1997,25,550.0000
"Raclette Courdavault",55.0000,11/1997,10,550.0000
"Sirop d'rable",28.5000,11/1997,20,570.0000
"Outback Lager",15.0000,11/1997,40,600.0000
"Gumbr Gummibrchen",31.2300,11/1997,20,624.6000
"Steeleye Stout",18.0000,11/1997,35,630.0000
"Valkoinen suklaa",16.2500,11/1997,40,650.0000
Gudbrandsdalsost,36.0000,11/1997,20,720.0000
"Boston Crab Meat",18.4000,11/1997,40,736.0000
"Grandma's Boysenberry Spread",25.0000,11/1997,30,750.0000
"Nord-Ost Matjeshering",25.8900,11/1997,30,776.7000
"Alice Mutton",39.0000,11/1997,20,780.0000
"Wimmers gute Semmelkndel",33.2500,11/1997,24,798.0000
"Louisiana Fiery Hot Pepper Sauce",21.0500,11/1997,40,842.0000
Chai,18.0000,11/1997,50,900.0000
Gudbrandsdalsost,36.0000,11/1997,25,900.0000
"Rssle Sauerkraut",45.6000,11/1997,20,912.0000
"Boston Crab Meat",18.4000,11/1997,50,920.0000
"Gnocchi di nonna Alice",38.0000,11/1997,30,1140.0000
"Mozzarella di Giovanni",34.8000,11/1997,35,1218.0000
"Carnarvon Tigers",62.5000,11/1997,21,1312.5000
"Raclette Courdavault",55.0000,11/1997,25,1375.0000
"Tarte au sucre",49.3000,11/1997,30,1479.0000
"Carnarvon Tigers",62.5000,11/1997,24,1500.0000
"Manjimup Dried Apples",53.0000,11/1997,30,1590.0000
"Gnocchi di nonna Alice",38.0000,11/1997,43,1634.0000
"Camembert Pierrot",34.0000,11/1997,50,1700.0000
"Raclette Courdavault",55.0000,11/1997,45,2475.0000
Gudbrandsdalsost,36.0000,11/1997,70,2520.0000
Konbu,4.8000,12/1996,10,48.0000
Tourtire,5.9000,12/1996,10,59.0000
"Jack's New England Clam Chowder",7.7000,12/1996,8,61.6000
"NuNuCa Nu-Nougat-Creme",11.2000,12/1996,7,78.4000
"Scottish Longbreads",10.0000,12/1996,8,80.0000
"Sir Rodney's Scones",8.0000,12/1996,10,80.0000
Konbu,4.8000,12/1996,18,86.4000
"Inlagd Sill",15.2000,12/1996,6,91.2000
Konbu,4.8000,12/1996,20,96.0000
Flotemysost,17.2000,12/1996,6,103.2000
"Guaran Fantstica",3.6000,12/1996,30,108.0000
"Longlife Tofu",8.0000,12/1996,14,112.0000
"Filo Mix",5.6000,12/1996,20,112.0000
"Sasquatch Ale",11.2000,12/1996,10,112.0000
"Rogede sild",7.6000,12/1996,15,114.0000
Geitost,2.0000,12/1996,60,120.0000
"Original Frankfurter grne Soe",10.4000,12/1996,14,145.6000
"Longlife Tofu",8.0000,12/1996,20,160.0000
"Camembert Pierrot",27.2000,12/1996,6,163.2000
"Valkoinen suklaa",13.0000,12/1996,15,195.0000
Chai,14.4000,12/1996,15,216.0000
"Rssle Sauerkraut",36.4000,12/1996,6,218.4000
Gudbrandsdalsost,28.8000,12/1996,8,230.4000
"Uncle Bob's Organic Dried Pears",24.0000,12/1996,10,240.0000
Flotemysost,17.2000,12/1996,15,258.0000
Spegesild,9.6000,12/1996,28,268.8000
Tofu,18.6000,12/1996,15,279.0000
"Pt chinois",19.2000,12/1996,15,288.0000
Tunnbrd,7.2000,12/1996,40,288.0000
"Chartreuse verte",14.4000,12/1996,20,288.0000
"Gorgonzola Telino",10.0000,12/1996,30,300.0000
"Gorgonzola Telino",10.0000,12/1996,32,320.0000
"Louisiana Fiery Hot Pepper Sauce",16.8000,12/1996,20,336.0000
"Outback Lager",12.0000,12/1996,30,360.0000
"Outback Lager",12.0000,12/1996,30,360.0000
"Nord-Ost Matjeshering",20.7000,12/1996,18,372.6000
Chang,15.2000,12/1996,25,380.0000
"Tarte au sucre",39.4000,12/1996,10,394.0000
Ikura,24.8000,12/1996,16,396.8000
"Longlife Tofu",8.0000,12/1996,50,400.0000
"Camembert Pierrot",27.2000,12/1996,15,408.0000
"Gorgonzola Telino",10.0000,12/1996,42,420.0000
"Steeleye Stout",14.4000,12/1996,30,432.0000
Spegesild,9.6000,12/1996,45,432.0000
"Carnarvon Tigers",50.0000,12/1996,9,450.0000
Lakkalikri,14.4000,12/1996,35,504.0000
Flotemysost,17.2000,12/1996,30,516.0000
"Perth Pasties",26.2000,12/1996,20,524.0000
"Raclette Courdavault",44.0000,12/1996,12,528.0000
"Chef Anton's Gumbo Mix",17.0000,12/1996,32,544.0000
"Camembert Pierrot",27.2000,12/1996,20,544.0000
"Gnocchi di nonna Alice",30.4000,12/1996,18,547.2000
Vegie-spread,35.1000,12/1996,16,561.6000
"Steeleye Stout",14.4000,12/1996,40,576.0000
"Mozzarella di Giovanni",27.8000,12/1996,21,583.8000
"Scottish Longbreads",10.0000,12/1996,60,600.0000
"Gorgonzola Telino",10.0000,12/1996,60,600.0000
"Gnocchi di nonna Alice",30.4000,12/1996,20,608.0000
"Mozzarella di Giovanni",27.8000,12/1996,24,667.2000
"Rssle Sauerkraut",36.4000,12/1996,20,728.0000
"Manjimup Dried Apples",42.4000,12/1996,18,763.2000
"Sir Rodney's Marmalade",64.8000,12/1996,12,777.6000
Tofu,18.6000,12/1996,42,781.2000
"Tarte au sucre",39.4000,12/1996,20,788.0000
"Wimmers gute Semmelkndel",26.6000,12/1996,30,798.0000
Flotemysost,17.2000,12/1996,50,860.0000
"Escargots de Bourgogne",10.6000,12/1996,95,1007.0000
Flotemysost,17.2000,12/1996,60,1032.0000
"Perth Pasties",26.2000,12/1996,40,1048.0000
"Mozzarella di Giovanni",27.8000,12/1996,42,1167.6000
"Thringer Rostbratwurst",99.0000,12/1996,14,1386.0000
Gudbrandsdalsost,28.8000,12/1996,50,1440.0000
"Gumbr Gummibrchen",24.9000,12/1996,70,1743.0000
"Sir Rodney's Marmalade",64.8000,12/1996,28,1814.4000
"Perth Pasties",26.2000,12/1996,70,1834.0000
"Camembert Pierrot",27.2000,12/1996,70,1904.0000
"Thringer Rostbratwurst",99.0000,12/1996,20,1980.0000
"Pt chinois",19.2000,12/1996,120,2304.0000
"Cte de Blaye",210.8000,12/1996,40,8432.0000
"Gorgonzola Telino",12.5000,12/1997,1,12.5000
"Boston Crab Meat",18.4000,12/1997,1,18.4000
Tourtire,7.4500,12/1997,3,22.3500
Tourtire,7.4500,12/1997,3,22.3500
"Singaporean Hokkien Fried Mee",14.0000,12/1997,2,28.0000
"Chartreuse verte",18.0000,12/1997,2,36.0000
